-- MySQL dump 10.13  Distrib 8.0.16, for Linux (x86_64)
--
-- Host: localhost    Database: api_info
-- ------------------------------------------------------
-- Server version	8.0.16

/*!40101 SET @OLD_CHARACTER_SET_CLIENT=@@CHARACTER_SET_CLIENT */;
/*!40101 SET @OLD_CHARACTER_SET_RESULTS=@@CHARACTER_SET_RESULTS */;
/*!40101 SET @OLD_COLLATION_CONNECTION=@@COLLATION_CONNECTION */;
 SET NAMES utf8mb4 ;
/*!40103 SET @OLD_TIME_ZONE=@@TIME_ZONE */;
/*!40103 SET TIME_ZONE='+00:00' */;
/*!40014 SET @OLD_UNIQUE_CHECKS=@@UNIQUE_CHECKS, UNIQUE_CHECKS=0 */;
/*!40014 SET @OLD_FOREIGN_KEY_CHECKS=@@FOREIGN_KEY_CHECKS, FOREIGN_KEY_CHECKS=0 */;
/*!40101 SET @OLD_SQL_MODE=@@SQL_MODE, SQL_MODE='NO_AUTO_VALUE_ON_ZERO' */;
/*!40111 SET @OLD_SQL_NOTES=@@SQL_NOTES, SQL_NOTES=0 */;

--
-- Current Database: `api_info`
--

/*!40000 DROP DATABASE IF EXISTS `api_info`*/;

CREATE DATABASE /*!32312 IF NOT EXISTS*/ `api_info` /*!40100 DEFAULT CHARACTER SET utf8mb4 COLLATE utf8mb4_unicode_ci */ /*!80016 DEFAULT ENCRYPTION='N' */;

USE `api_info`;

--
-- Table structure for table `api_coll_data`
--

DROP TABLE IF EXISTS `api_coll_data`;
/*!40101 SET @saved_cs_client     = @@character_set_client */;
 SET character_set_client = utf8mb4 ;
CREATE TABLE `api_coll_data` (
  `id` int(100) NOT NULL AUTO_INCREMENT COMMENT '主键',
  `content` varchar(255) CHARACTER SET utf8mb4 COLLATE utf8mb4_unicode_ci NOT NULL COMMENT '内容',
  `create_date` date DEFAULT NULL COMMENT '创建日期',
  `source` varchar(100) CHARACTER SET utf8mb4 COLLATE utf8mb4_unicode_ci DEFAULT NULL COMMENT '来源',
  PRIMARY KEY (`id`)
) ENGINE=InnoDB AUTO_INCREMENT=1830 DEFAULT CHARSET=utf8mb4 COLLATE=utf8mb4_unicode_ci;
/*!40101 SET character_set_client = @saved_cs_client */;

--
-- Dumping data for table `api_coll_data`
--

LOCK TABLES `api_coll_data` WRITE;
/*!40000 ALTER TABLE `api_coll_data` DISABLE KEYS */;
INSERT INTO `api_coll_data` VALUES (51,'但愿来生我们终日在一起，每天每天从早晨口角到夜深，恨不得大家走开。','2019-11-02','土味情话'),(52,'每天每天你让别人看见你，我却看不见你，这是全然没有理由的。','2019-11-02','土味情话'),(53,'入目无别人 四下皆是你','2019-11-02','土味情话'),(54,'不须耳鬓常厮伴，一笑低头意已倾','2019-11-02','土味情话'),(55,'下次见面敲你一下，为什么？因为你，敲好看。','2019-11-02','土味情话'),(56,'你有打火机吗？没有啊，那你是怎么点燃我的心的？','2019-11-02','土味情话'),(57,'本来因为噩梦不想睡觉的，可是想到万一能在梦里遇到你，我倒头就睡了，噩梦里有你就是甜甜的','2019-11-02','土味情话'),(58,'晚是世界的晚，安是有你的安','2019-11-02','土味情话'),(59,'他对她说，他依然爱她，和过去一样，至死不渝','2019-11-02','土味情话'),(60,'我发现昨天很喜欢你，今天也很喜欢你，而且有预感每天也会很喜欢你。','2019-11-02','土味情话'),(61,'我想要去看一看你下辈子的命簿，看你下辈子娶到哪家，我便投胎到那家。','2019-11-02','土味情话'),(62,'这是西服，这是迷彩服，你是我的小幸福。','2019-11-02','土味情话'),(63,'如果尔康对紫薇的爱天地可鉴，那么我对你的爱七十二变。','2019-11-02','土味情话'),(64,'If you are still looking for that one person who will change you life ,take a look in the mirror.','2019-11-02','土味情话'),(65,'这一世，你是冰冷的永磁体，而我是你沟通世界的两极，纵你已粉身碎骨，我亦不离不弃……','2019-11-02','土味情话'),(66,'前半生到处浪荡，后半生为你煲汤。','2019-11-02','土味情话'),(67,'幸福是什么，幸福就是牵着一双想牵的手，一起走过繁华喧嚣，一起守候寂寞孤独；就是陪着一个想陪的人，高兴时一起笑，伤悲时一起哭；就是拥有一颗想拥有的心，重复无聊的日子不乏味，做着相同的事情不枯燥，只要我们心中有爱，我们就会幸福，幸福就在当初的承诺中，就在今后的梦想里。','2019-11-02','土味情话'),(68,'你忙归忙，什么时候有空娶我啊。','2019-11-02','土味情话'),(69,'●━━━━━━─────── 5:20    ','2019-11-02','土味情话'),(70,'最近有谣言说我喜欢你，我要澄清一下，那不是谣言。','2019-11-02','土味情话'),(71,'这是我的手背，这是我的脚背，你是我的宝贝。','2019-11-02','土味情话'),(72,'希望你要做一个披荆斩棘无所不能的女英雄，直到遇见一个能托付一生的人，再做一个瓶盖都拧不开的小公主。','2019-11-02','土味情话'),(73,'会当凌绝顶，一… 一把搂住你。','2019-11-02','土味情话'),(74,'选择了你，就要坚持到死','2019-11-02','土味情话'),(75,'剑未佩妥，出门已是江湖；酒尚余温，入口不识乾坤；千帆过尽，愿您归来仍是少年。','2019-11-02','土味情话'),(76,'有时候我想比你晚出生一百年，你的一生被拍成一部电影，而我一生只做一件事：独自坐在房间，面对墙上的荧光屏，用我的一生把你的一生看完。','2019-11-02','土味情话'),(77,'眼睛里，有2.8万个你。可能我是只蜻蜓吧，不然怎么会在清晨吻你？','2019-11-02','土味情话'),(78,'原谅我太贪心，陪了你情窦初开，还想陪你两鬓斑白。','2019-11-02','土味情话'),(79,'你知道你和星星的区别吗？星星点亮了黑夜，而你点亮了我的心','2019-11-02','土味情话'),(80,'我爱你也许并不为什么理由，虽然可以有理由，例如你聪明，你纯洁，你可爱，你是好人等，但主要的原因大概是你全然适合我的趣味。因此你仍知道我是自私的，故不用感激我。','2019-11-02','土味情话'),(81,'你给我的备注是什么啊？” “一行。” “为什么啊？” “因为干一行，爱一行','2019-11-02','土味情话'),(82,'前世的五百次回眸换得今生的一次擦肩而过，','2019-11-02','土味情话'),(83,'情不知所起，一往而深。','2019-11-02','土味情话'),(84,'要是世上只有我们两个人多么好，我一定要把你欺负得哭不出来。','2019-11-02','土味情话'),(85,'秋天来了，你出现了，我心动了','2019-11-02','土味情话'),(86,'只有你好像和所有的人完全不同，也许你不会知道，我和你在一起时较之和别人在一起时要活泼得多。与举世绝缘的我，只有你能在我身上引起感应。','2019-11-02','土味情话'),(87,'给你一支口红，以后每天还我一点就好了','2019-11-02','土味情话'),(88,'你在我的人生是可遇而不可求，正因为如此我会加倍把你珍惜，我担心错过你将会遇不到比你更好的女人。','2019-11-02','土味情话'),(89,'我喜欢的人远在天边，近在眼前。','2019-11-02','土味情话'),(90,'我不喜欢喝酒，除了和你的天长地久','2019-11-02','土味情话'),(91,'有生之年 狭路相逢 终不能幸免 ​​​​','2019-11-02','土味情话'),(92,'等了那么久，你可算来了','2019-11-02','土味情话'),(93,'你是往日的情书，是日落的余情未了，是路人脚下不停生长的风，也是我喜欢的人。','2019-11-02','土味情话'),(94,'要不要来谈个恋爱啊，二缺一','2019-11-02','土味情话'),(95,'天空飘来五个字，爱你不是事儿。','2019-11-02','土味情话'),(96,'莫文蔚的阴天，孙燕姿的雨天，周杰伦的晴天，都不如你和我聊天。','2019-11-02','土味情话'),(97,'这辈子跟我在一起吧，不行我就等等，再不行的话，我就想想别的办法。','2019-11-02','土味情话'),(98,'我们的性格并不完全一致，但尽有互相共鸣的地方。我们的认识虽是偶然，我们的交契却并非偶然。凭良心说，我不能不承认你在我心目中十分可爱，虽我对于你并不是盲目的赞美。我们需要的是对于彼此弱点的谅解，只有能互相谅解的人，弱点才能变得并不可靠，甚至于反是可爱也说不定。','2019-11-02','土味情话'),(99,'惊鸿只一瞥，爱到死方休。','2019-11-02','土味情话'),(100,'你是我不及的梦。','2019-11-02','土味情话'),(101,'知道我和唐僧什么区别吗 唐僧取经我娶你','2019-11-02','土味情话'),(102,'没有树的地方是沙漠，没有你的地方是寂寞。','2019-11-02','土味情话'),(103,'我觉得你有点怪，怪可爱的。','2019-11-02','土味情话'),(104,'我是霉变的橙子​，虫噬的玫瑰。但在你面前，我清白又勇敢，晴朗又温柔。','2019-11-02','土味情话'),(105,'我想去你的城市，想吹你吹的风，想呼吸你呼吸的空气，想走你走的路，想看你生活的风景，想感受你四周的温度，想拥抱你。','2019-11-02','土味情话'),(106,'记得在书上曾经看到过，往左边侧着睡是不对的睡法，因为压迫心脏，容易做恶梦，不过后来我经常这样侧着睡，不是因为我不会做噩梦，而是每次这样的梦里都有你。','2019-11-02','土味情话'),(107,'虽然你没有我前女友漂亮 但我一见到你就有种想跟你定下来的感觉','2019-11-02','土味情话'),(108,'我是九，你是三，除了你还是你。','2019-11-02','土味情话'),(109,'我还是爱你，就像风走了八万里，不问归期。','2019-11-02','土味情话'),(110,'妙语连珠是猎物，支支吾吾是喜欢。','2019-11-02','土味情话'),(111,'从遇见你的那一天起，我所走的每一步都是为了更接近你。','2019-11-02','土味情话'),(112,'只愿君心似我心 ​​​​','2019-11-02','土味情话'),(113,'想你这件事，躲得过对酒当歌的夜，躲不过四下无人的街。','2019-11-02','土味情话'),(114,'我想去取一下东西，你等一下，我来娶你了。','2019-11-02','土味情话'),(115,'这世间的长情莫过于你和我挽手余生','2019-11-02','土味情话'),(116,'人的一生会遇到许许多多的人，很幸运我遇到了你。','2019-11-02','土味情话'),(117,'我的酒量大概就是：八瓶香槟 七瓶伏特加 六瓶野格 五瓶威士忌 四瓶杰克丹尼 三瓶朗姆 两瓶生命之水 或者 你的一声：宝贝','2019-11-02','土味情话'),(118,'我好香，你要不要抱一下','2019-11-02','土味情话'),(119,'我从不后悔一直喜欢你，那些孤独枯燥的时光岁月，因为你而变得温柔。','2019-11-02','土味情话'),(120,'你是方便面我是白开水 今生今世我泡定你了','2019-11-02','土味情话'),(121,'如果一千个人从我身边走过，我也可以听出你的脚步声，因为九百九十九个人都只是踩在地上，只有你踏在我心上。','2019-11-02','土味情话'),(122,'我可以称呼你为您吗？这样我就可以把你放在心上了','2019-11-02','土味情话'),(123,'我一天一天明白你的平凡，同时却一天一天愈更深切地爱你。你如照镜子，你不会看得见你特别好的所在，但你如走进我的心里来时，你一定能知道自己是怎样好法。','2019-11-02','土味情话'),(124,'你现在不珍惜我，我告诉你，过了这个村，我在下个村等你。','2019-11-02','土味情话'),(125,'喜欢被宠，如果哪天我过得好好的突然不小心被人宠死的话，我也一点意见都没有。','2019-11-02','土味情话'),(126,'你是可爱的男孩，我是可爱。','2019-11-02','土味情话'),(127,'我喜欢睡觉，不是因为困，也不是想休息，只是因为我只有梦里才能见到你','2019-11-02','土味情话'),(128,'谁会喜欢一米七的萌妹啊，还不是因为你是咖啡和奶茶的混合体。','2019-11-02','土味情话'),(129,'我是九你是三，除了你还是你。','2019-11-02','土味情话'),(130,'我的手被划了一道口子，你也划一道，这样我们就是两口子了。','2019-11-02','土味情话'),(131,'把手伸出来，这是我心房的钥匙，拿好','2019-11-02','土味情话'),(132,'做什么都十拿九稳，就差你一吻','2019-11-02','土味情话'),(133,'我看过很多书，但都没有你好看。','2019-11-02','土味情话'),(134,'小猪佩奇，我配你。','2019-11-02','土味情话'),(135,'我不担心时光流逝，只因我坚信有你的日子将会越来越幸福，只到未来的某一天你我携手离开人世，我们的幸福将会达到巅峰。','2019-11-02','土味情话'),(136,'你闻到什么味道了吗？没有啊，怎么你一出来空气都是甜的了。','2019-11-02','土味情话'),(137,'已经过了耳听爱情的年纪，只想找一份喧闹中的安静。','2019-11-02','土味情话'),(138,'真不知道那些让你不痛快的人怎么想的，你是我的心头宝，怎么在他们那里是颗草','2019-11-02','土味情话'),(139,'这是弓箭，这是火箭，你是我的甜蜜饯。','2019-11-02','土味情话'),(140,'我找到了你，便像是找到了我真的自己。如果没有你，即使我爱了一百个人，或有一百个人爱我，我的灵魂也仍将永远彷徨着。你是 unique（独一无二）的。我将永远永远多么多么的欢喜你。','2019-11-02','土味情话'),(141,'你知道我喜欢喝什么吗？ 呵护你','2019-11-02','土味情话'),(142,'睡眠和失眠的差别，在于睡（shui）中有you','2019-11-02','土味情话'),(143,'刚刚地震了吗？没有啊，那为什么看到你，我心头一震。','2019-11-02','土味情话'),(144,'想把你悄咪咪的藏起来，你只能是我一个人的喜欢，又在为数不多的时候想把你展现给所有人，告诉他们，这是我的。','2019-11-02','土味情话'),(145,'我对你的喜欢就像手扶拖拉机上山，轰轰烈烈。','2019-11-02','土味情话'),(146,'你是我赴汤蹈火，都放不下的执着','2019-11-02','土味情话'),(147,'我说我这里下雨了 你告诉我你那里是晴天呢 上一次我们的天气刚好相反 什么时候能和你在同一片天空下，有一样的天气呢？','2019-11-02','土味情话'),(148,'无论是被人怨恨也好，被人讨厌也好，就算身体里的血液全部流尽也好，舍弃掉我所拥有的一切也好。就算要与全世界为敌，只要和你在一起，我就是幸福的。','2019-11-02','土味情话'),(149,'想试试我的草莓味唇膏吗？','2019-11-02','土味情话'),(150,'做腻了可爱的女孩子，我有点想做你的太太。','2019-11-02','土味情话'),(151,'石头和你脑袋碰在一起谁痛？当然我的头痛了，不，是我心痛。','2019-11-02','土味情话'),(152,'你以后走路能不能看着点啊，都撞在我心上了。','2019-11-02','土味情话'),(153,'你是我的一切，而别人只不过是从我生命边上轻轻擦过的路人','2019-11-02','土味情话'),(154,'我想问一条路 到你心里的路','2019-11-02','土味情话'),(155,'有的人说不清哪里好，但就是谁都替代不了。','2019-11-02','土味情话'),(156,'你的嘴真好看，特别适合说我爱你。','2019-11-02','土味情话'),(157,'你是不是喜欢我” 找到这句话的重复字','2019-11-02','土味情话'),(158,'天蓝蓝的云白白的都很可爱，就像捧着草莓味的冰淇淋圣代，吧唧吧唧吃着的我。','2019-11-02','土味情话'),(159,'我是你的什么,你是我的QQ啊.','2019-11-02','土味情话'),(160,'做你自己，我来爱你。','2019-11-02','土味情话'),(161,'大年三十晚上的鞭炮再响，也没有我想你那么想','2019-11-02','土味情话'),(162,'在我们的人生路上，你不是沉重的包袱，而是甜蜜的行囊，背着你到天长地久，永远都是累并快乐着。','2019-11-02','土味情话'),(163,'你为什么要害我？害你什么？害我那么喜欢你。','2019-11-02','土味情话'),(164,'“我是可爱的女孩子。”“嗯？”“你是可爱啊。”','2019-11-02','土味情话'),(165,'我也想遇见一个人，为他花开满城，为他明灯三千。','2019-11-02','土味情话'),(166,'我想去个地方什么地方？去你心里！','2019-11-02','土味情话'),(167,'我可以许一个贪心的愿望吗?神明实现不了，只有你可以。','2019-11-02','土味情话'),(168,'你们那边家乡话的我喜欢你怎么说？','2019-11-02','土味情话'),(169,'我的床不大不小，用来睡你刚刚好。','2019-11-02','土味情话'),(170,'我看你挺笨的吹口哨都不会，要不要我嘴对嘴教你。','2019-11-02','土味情话'),(171,'苦海无涯，回… 回头是我呀。','2019-11-02','土味情话'),(172,'我觉得你特像一款游戏，我的世界。','2019-11-02','土味情话'),(173,'你今天有点怪吖！怎么怪？怪可爱的吖！','2019-11-02','土味情话'),(174,'你这种人，我除了恋爱跟你也没什么好谈的。','2019-11-02','土味情话'),(175,'即使我再张牙舞爪，蛮不讲理，希望我在你眼里依然是最好的宝贝。','2019-11-02','土味情话'),(176,'你知道你像什么人吗？什么人？我的女人。','2019-11-02','土味情话'),(177,'既然你已经把我的心弄乱了，那么你准备什么时候来弄乱我的床','2019-11-02','土味情话'),(178,'我愿将我余生燃烧，暖你未来的路。','2019-11-02','土味情话'),(179,'你的口红我包了，但以后记得每天还我一点点。','2019-11-02','土味情话'),(180,'（嗅嗅）你一来空气都变甜了呢','2019-11-02','土味情话'),(181,'你不觉得累吗？你已经在我的世界里跑了好几圈了','2019-11-02','土味情话'),(182,'被你赞过的朋友圈，叫甜甜圈。','2019-11-02','土味情话'),(183,'喜欢，就是知道对方最好的一面而喜欢他；爱，就是明知对方最差的一面，却仍然爱得义无反顾。','2019-11-02','土味情话'),(184,'我用一千次回眸换得今生在你面前的驻足停留。','2019-11-02','土味情话'),(185,'我不知道该说什么，只是突然在这一刻很想你。','2019-11-02','土味情话'),(186,'我听过最暖心的一句情话是：“你不用刻意去改变自己，我来适应你就好了。”','2019-11-02','土味情话'),(187,'你知道你和星星有什么区别吗？那就是星星在天上，而你在我心里','2019-11-02','土味情话'),(188,'生命那么短，世界那么乱，我不想争吵，不想冷战，不愿和你有一秒遗憾。','2019-11-02','土味情话'),(189,'你有没有看见过某个笑容，让你想倾尽所有去守护。','2019-11-02','土味情话'),(190,'我一直想从你的窗子里看月亮。','2019-11-02','土味情话'),(191,'我想你的时候阳光空气都很好。','2019-11-02','土味情话'),(192,'我愿意舍弃一切，以想念你终此一生。','2019-11-02','土味情话'),(193,'这一辈子，还有没有可能，会有一个人，因为一句你想他，不远万里，不为别的，只为看看你。','2019-11-02','土味情话'),(194,'你能不能别说话了。”“我没有啊。”“那为什么我满脑子都是你的声音','2019-11-02','土味情话'),(195,'你是高处折不到的桃花，是跨不上的英俊白马。','2019-11-02','土味情话'),(196,'有些事情在遇见你的时候就决定了，比如：我喜欢你~','2019-11-02','土味情话'),(197,'甜有一百种方式，吃糖和99次想你。','2019-11-02','土味情话'),(198,'Good night without you is just a night.','2019-11-02','土味情话'),(199,'用我的晚安陪你吃早餐 ','2019-11-02','土味情话'),(200,'别让我看见你，不然我见你一次，就喜欢你一次。','2019-11-02','土味情话'),(201,'你生病了 你缺我','2019-11-02','土味情话'),(202,'你可以帮我个忙么？什么忙？帮忙快点爱上我。','2019-11-02','土味情话'),(203,'最近都忙着学雷锋呢，你也做个好事帮我洗个东西吧，洗欢我','2019-11-02','土味情话'),(204,'为你的千千万万遍','2019-11-02','土味情话'),(205,'姑娘我想我们合二为一，尽情享受人间仙境','2019-11-02','土味情话'),(206,'你的脸上有点东西，有什么？有点漂亮。','2019-11-02','土味情话'),(207,'你有遇到让你哭笑不得的 事吗？哭也得不到你，笑也得不到你。','2019-11-02','土味情话'),(208,'你说的每句漫不经心的话，全在我心头开成了漫山遍野的花。','2019-11-02','土味情话'),(209,'做饭做家务怕老婆，爱你的三大特征我都有','2019-11-02','土味情话'),(210,'你不用担心，我会帮你搞定我妈。','2019-11-02','土味情话'),(211,'你见过凌晨两点的太阳吗？见过，噩梦醒来身旁你熟睡的脸。','2019-11-02','土味情话'),(212,'如果你不怕麻烦的话，可以麻烦喜欢我一下吗？','2019-11-02','土味情话'),(213,'曾经我自诩半个诗人，见山是深情伟岸，见海是热情澎湃，见花见草信他们皆有故事，云海江潮，虫鸣鸟啼都暗藏情愫。唯独见了你，山川沉默，海面静谧，云海不再翻涌，江潮不再澎湃，花鸟鱼虫被光与尘凝固，世界万籁俱寂，只剩下你。','2019-11-02','土味情话'),(214,'你闻到空气中有烧焦的味道吗？那是我的心在为你燃烧','2019-11-02','土味情话'),(215,'后来，除了梦以外的地方我就没有见过你了。','2019-11-02','土味情话'),(216,'亲爱的，容我轻轻咬耳，遇见你便寻到了春天！','2019-11-02','土味情话'),(217,'你会弹吉他吗？为什么拨动了我的心弦','2019-11-02','土味情话'),(218,'生活很苦，眼泪很咸；生活很苦，但你很甜','2019-11-02','土味情话'),(219,'动了情的小猪也会爬树喔','2019-11-02','土味情话'),(220,'前天是小鹿，昨天是小兔，今天是你','2019-11-02','土味情话'),(221,'你的笑容没有酒，我却醉的像条狗','2019-11-02','土味情话'),(222,'跟我在一起吧，行就行，不行我就再想办法。','2019-11-02','土味情话'),(223,'你是我故事里的一往情深。','2019-11-02','土味情话'),(224,'我不想做你的盖世英雄，只想每天晚上帮你盖好被子。','2019-11-02','土味情话'),(225,'你就像破晓的那一束光，驱散了笼罩我的黑夜，至此，光芒万丈','2019-11-02','土味情话'),(226,'无聊的时候多想想我，不要浪费时间，知道吗？','2019-11-02','土味情话'),(227,'如果不是因为这世界有些古怪，我巴不得永远和你厮守在一起。','2019-11-02','土味情话'),(228,'你可以笑一个吗？为什么呀？因为我的咖啡忘记加糖了。','2019-11-02','土味情话'),(229,'我生在南方，活在南方，栽在你手里，总算是去过不一样的地方。','2019-11-02','土味情话'),(230,'我要是再漂亮一点，悄悄看你时，目光就不会闪躲了。','2019-11-02','土味情话'),(231,'晓看天色暮看云，行也思君，坐也思君','2019-11-02','土味情话'),(232,'宁不知倾城与倾国，佳人难再得','2019-11-02','土味情话'),(233,'星光不问赶路人，岁月不负有心人','2019-11-02','土味情话'),(234,'你知道我最喜欢什么酒吗？和你的天长地久','2019-11-02','土味情话'),(235,'静静的走进你的心里，找个角落坐下，发现一切的律动都是随着你的心跳而改变！','2019-11-02','土味情话'),(236,'让我陪你去看匆匆人海，听平凡一生','2019-11-02','土味情话'),(237,'你像一个人 ，我的人','2019-11-02','土味情话'),(238,'推荐一个0卡又很甜的零食，我的嘴巴','2019-11-03','土味情话'),(239,'我想在你这里买一块地。什么地？我对你的死心塌地。','2019-11-03','土味情话'),(240,'我的酒量大概就是一打啤酒或者半斤白酒，再或者你的四两微笑。','2019-11-03','土味情话'),(241,'你要记得每个小时想我两秒钟哦','2019-11-03','土味情话'),(242,'你是我患得患失的梦，我是你可有可无的人。','2019-11-03','土味情话'),(243,'知道你跟我在一起叫什么吗？不知道啊，那你跟我在一起不就知道了','2019-11-03','土味情话'),(244,'这是果冻，这是树洞，你是我的心动。','2019-11-03','土味情话'),(245,'人说红颜薄命，你做我的红颜，我愿为你薄命。','2019-11-03','土味情话'),(246,'前世的五百次回眸换得今生的一次擦肩而过，我用一千次回眸换得今生在你面前的驻足停留。','2019-11-03','土味情话'),(247,'你知道相得益彰吗？就像你的美貌、气质和性格。','2019-11-03','土味情话'),(248,'你知道你和星星有什么区别吗？星星在天上，你在我心里','2019-11-03','土味情话'),(249,'这世上最难堪的事不是他不爱你，而是他说很爱很爱你，最后却轻易地放弃了你。','2019-11-03','土味情话'),(250,'她再也没有对我说过晚安，我的失眠也再没好过。','2019-11-03','土味情话'),(251,'思念如白马，自别离，未停蹄','2019-11-03','土味情话'),(252,'我想以后可以先吻吻你迷迷糊糊不清醒的眼睛，再摁下闹钟的关闭按钮','2019-11-03','土味情话'),(253,'我这个人没什么毅力，做事经常半途而废。唯独喜欢你这件事，我从第一次遇见你，一直坚持到了现在。','2019-11-03','土味情话'),(254,'莺莺燕燕，不过浮生一梦。遗世独立，不如烂醉花间。','2019-11-03','土味情话'),(255,'终会有人把你捧在心尖上，喜欢你喜欢的像个傻子，终会有人保护好你的少女心，让你再次相信爱情。','2019-11-03','土味情话'),(256,'你是我临死前，拔掉氧气罐，想吻的人；','2019-11-03','土味情话'),(257,'找到一个比你更重要的人真的是太难了','2019-11-03','土味情话'),(258,'傻逼在泰语里可是老公的意思哦','2019-11-03','土味情话'),(259,'在所有的道别里，还是最喜欢明天见。','2019-11-03','土味情话'),(260,'用铁做的门叫铁门，用木做的门叫木门，用幸福做的门叫什么门？叫我们','2019-11-03','土味情话'),(261,'这里一切都丑的，风、雨、太阳，都丑，人也丑，我也丑得很。只有你是青天一样可羡。','2019-11-03','土味情话'),(262,'假如有一天你想哭，打给我，不能保证逗你笑，但我能陪着你一起哭；假如有一天你想逃跑，打给我，不能说服你留下，但我会陪着你一起逃。','2019-11-03','土味情话'),(263,'这是手心，这是笔芯，你是我的小甜心。','2019-11-03','土味情话'),(264,'你是我的玫瑰你是我的花，小鸟的情话只给您夸。','2019-11-03','土味情话'),(265,'我发觉你今天有点怪，怪好看的。','2019-11-03','土味情话'),(266,'三十晚上的鞭炮再响，都没有我想你那么想。','2019-11-03','土味情话'),(267,'我想把自己变成AI，只为做你的语音助手。','2019-11-03','土味情话'),(268,'我有个九个亿的项目想跟你单独谈谈。','2019-11-03','土味情话'),(269,'不好意思，刚我对其他人动了心，因为她，很像你','2019-11-03','土味情话'),(270,'我寻了半生的春天，你一笑便是了。','2019-11-03','土味情话'),(271,'如果有人对你恶语相向，我愿为你捂住耳朵，说上一世情话','2019-11-03','土味情话'),(272,'你不知道在遇见你之前，我的世界天天都有雾霾，遇到你以后，他变得晴空万里','2019-11-03','土味情话'),(273,'房产证写你名字，我妈会游泳，难产保大，余生多指教。','2019-11-03','土味情话'),(274,'我玩了六年英雄联盟，后来才发现你才是我的英雄。','2019-11-03','土味情话'),(275,'为什么我的眼中常含泪水，因为我爱你爱的深沉','2019-11-03','土味情话'),(276,'吃糖吗？我有你就已经很甜了。','2019-11-03','土味情话'),(277,'我身体很好，可以扛米袋子，扛煤气罐，可就是扛不住想你。','2019-11-03','土味情话'),(278,'我可以等你一个夏天，想陪你一起看晚霞，再等你一个秋天，想陪你一起看落叶，到了冬天，你一定要来。','2019-11-03','土味情话'),(279,'如果可以的话请让我把你打到骨折，这样我就可以赔你一辈子了。','2019-11-03','土味情话'),(280,'你是我最想和全世界炫耀却又最舍不得和别人分享的人','2019-11-03','土味情话'),(281,'你是年少的欢喜，喜欢的少年是你','2019-11-03','土味情话'),(282,'愿你的欢乐与岁月无关，愿你天黑有灯，下雨有伞。','2019-11-03','土味情话'),(283,'你猜我喜欢什么制服，被你制服。','2019-11-03','土味情话'),(284,'你是属什么的？我属龙的，不，你是属于我的。','2019-11-03','土味情话'),(285,'秋天该很好，你若尚在场，秋风即使带凉，亦漂亮。','2019-11-03','土味情话'),(286,'东风夜放花千树，我想去你家里住','2019-11-03','土味情话'),(287,'那些说星星好看的人一定没有看过你的眼睛','2019-11-03','土味情话'),(288,'你别对我笑，我怕以后得不到，又忘不掉。','2019-11-03','土味情话'),(289,'我从未拥有过你一秒钟，心里却失去过你千万次。','2019-11-03','土味情话'),(290,'寄给你全宇宙的爱和自太古至永劫的思念。','2019-11-03','土味情话'),(291,'你是我自罚三杯，都不肯开口的秘密；','2019-11-03','土味情话'),(292,'晓看天色，暮看云，坐也思君，行也思君','2019-11-03','土味情话'),(293,'你露出笑容的话，那么我也是一样笑着的吧……♪','2019-11-03','土味情话'),(294,'前世旧约终究抵不过一碗汤。','2019-11-03','土味情话'),(295,'不要让别人喊我喊逗比，那是只属于你的专属。','2019-11-03','土味情话'),(296,'疏窗细雨，夜夜孤灯。','2019-11-03','土味情话'),(297,'坏男人渣一阵子，好男人渣一辈子','2019-11-03','土味情话'),(298,'这是车票，这是发票，你是我最最最可爱的女票。','2019-11-03','土味情话'),(299,'我想买一块地。”“什么地”“你的死心塌地。”','2019-11-03','土味情话'),(300,'你知道我喜欢吃什么吗？痴痴地望着你','2019-11-03','土味情话'),(301,'我想和你见面，地点你选，森林、沙漠、世界尽头的星空，草原、海边、清晨大雾的胡同，只要别在梦中。','2019-11-03','土味情话'),(302,'佛说：前世五百次回眸，才能换来今生的擦肩而过。如果真是如此，那我愿意用下辈子，下下辈子，下下下辈子的时间，再次换来与你相遇、相知、相爱！','2019-11-03','土味情话'),(303,'你是我跑完五千米，还想拥抱的人；','2019-11-03','土味情话'),(304,'爱人，一定要适合的，因为那是一辈子相互扶持的柴米油盐。','2019-11-03','土味情话'),(305,'你是我的星河明月','2019-11-03','土味情话'),(306,'我很喜欢现在的我，和你一别两宽后的我。','2019-11-03','土味情话'),(307,'以后早点睡，为什么？目前我还养不起国宝。','2019-11-03','土味情话'),(308,'现在几点了？是我们幸福的起点。','2019-11-03','土味情话'),(309,'我只愿凭这灵感的相通，带给彼此以慰藉，像流星的光辉，照耀我疲惫的梦寐，永远存一个安慰，纵然在别离时。','2019-11-03','土味情话'),(310,'猜猜我的心在哪边？左边错了，在你那边。','2019-11-03','土味情话'),(311,'我酒和故事都没有，只有一身孤独，我是个傻子，傻到认为你喜欢我。','2019-11-03','土味情话'),(312,'想说些漂亮的话哄你，但想来想去最漂亮的只有你。','2019-11-03','土味情话'),(313,'你知道我为什么会感冒吗？因为见到你就没有抵抗力呀，我爱你。','2019-11-03','土味情话'),(314,'不知道为什么和你一认识之后，便像被一根绳紧紧牵系住一样，怪不自由的，心也不能像从前一样轻了，但同时却又真觉得比从前幸福得多。','2019-11-03','土味情话'),(315,'你知道五氧化二磷被氧化前是什么样子嘛，什么样子？五二磷。','2019-11-03','土味情话'),(316,'我一点也不想你，一点半再想。','2019-11-03','土味情话'),(317,'孤烟无垠万里沙，幸能与你踏。 ​​​​','2019-11-03','土味情话'),(318,'你猜我的心在哪边？左边？错了，在你那边。','2019-11-03','土味情话'),(319,'我们都是世上多余的人，但至少我们对于彼此都是世界最重要的人。','2019-11-03','土味情话'),(320,'而对一个人纠结，就是喜欢一个人的开始。','2019-11-03','土味情话'),(321,'正在播放《我又失眠了》','2019-11-03','土味情话'),(322,'遇见你的时候上帝在我耳边说了四个字 “在劫难逃”。','2019-11-03','土味情话'),(323,'真希望你有读心术，一眼就能看穿我的心思。','2019-11-03','土味情话'),(324,'我要你知道，这个世界上有一个人会永远等着你。无论是在什么时候，无论你在什么地方，反正你知道总会有这样一个人。','2019-11-03','土味情话'),(325,'谁问去往你心里的路该怎么走','2019-11-03','土味情话'),(326,'我不是loli控，只是刚好喜欢的女孩子是loli而已','2019-11-03','土味情话'),(327,'哪有什么突然想起，只是一直放在心里。','2019-11-03','土味情话'),(328,'我渴望和你打架，也渴望抱抱你。','2019-11-03','土味情话'),(329,'可能人生的旅程就是在不断发现问题-解决问题-发现问题-解决问题。 ','2019-11-03','土味情话'),(330,'你是夏季限定，也是来日方长，也是秋季爆款，也只是一时之需','2019-11-03','土味情话'),(331,'我最近没有偷偷减肥哦，但是体重却下降了，因为我的心跑你那去了','2019-11-03','土味情话'),(332,'有时候，我宁愿享受寂寞，一杯茶、一本书、一段音乐… 那也是一次完美自我的历练，有时候，我也想醉，醉了才动心底的情，醉了才说想说的话… 说到底，我就是普通的女人，偶尔爱做美梦的女人。','2019-11-03','土味情话'),(333,'当欲望滋长强烈到极盛时，便会消退。 ​​​​','2019-11-03','土味情话'),(334,'“三十岁是个坎？意思是过了30一切就好起来了是吧？”“意思是过了30岁，生活就结束前戏，开始狠狠操你了。”','2019-11-03','土味情话'),(335,'不许你再叫我X先生，否则我要从字典中查出世界上最肉麻的称呼来称呼你。特此警告。','2019-11-03','土味情话'),(336,'今夜我不关心人类，我只想你。','2019-11-03','土味情话'),(337,'想成为你这辈子，不管过了多少年，遇见了多少人，以后回想起来还会觉得妙不可言的人。','2019-11-03','土味情话'),(338,'猪撞树上了，你撞我心里了。','2019-11-03','土味情话'),(339,'遇到你之前，我没有想过要结婚；遇到你之后，结婚没想过要和别人。','2019-11-03','土味情话'),(340,'是福不是祸，是你老婆躲不过。','2019-11-03','土味情话'),(341,'我怀疑你的本质是一本书，不然为什么让我越看越想睡。','2019-11-03','土味情话'),(342,'你来时冬至，但眉上风止','2019-11-03','土味情话'),(343,'我解过那么多数学题，可是我却解不开你的。','2019-11-03','土味情话'),(344,'总之你是非常好非常好的，我活了二十多岁，对于人生的探讨的结果，就只有这一句结论，其他的一切都否定了。当然我爱你。','2019-11-03','土味情话'),(345,'倘若不是日有所思，哪里来的夜长梦多啊。 ​​​​','2019-11-03','土味情话'),(346,'按理说，我这么这么喜欢你，真应该从长计议步步为营的筹谋一切，让你慢慢上瘾直到离不开我。可我已经没有理智了，也没有问过你同不同意，就一腔热血的投入了所有感情，吓到你的话真的对不起，可我…在你面前无法克制','2019-11-03','土味情话'),(347,'一直以来，我总是依赖于你的温柔。因为和你相遇，我的梦想才能够实现。所以这次轮到我帮你实现梦想了。','2019-11-03','土味情话'),(348,'你今天能不能不洗澡，为什么？因为最近流行吃脏脏包。','2019-11-03','土味情话'),(349,'螃蟹在剥我的壳，笔记本在写我，漫天的我落在枫叶上雪花上，而你在想我。','2019-11-03','土味情话'),(350,'希望你快快地爱上一个人，让那个人欺负你，如同你欺负我一样。','2019-11-03','土味情话'),(351,'你上过非诚勿扰？不然为什么这么像我的心动女生','2019-11-03','土味情话'),(352,'我好像感冒了诶，怎么办，对你一点抵抗力都没有。','2019-11-03','土味情话'),(353,'我发现昨天很喜欢你，今天也很喜欢你，而且有预感明天也会喜欢你。','2019-11-03','土味情话'),(354,'今天的天空是淡山茱萸粉的颜色，就像初次见你时，你的笑是我不曾见过的世外桃源','2019-11-03','土味情话'),(355,'我给你的备注是“一行”，因为干一行爱一行。','2019-11-03','土味情话'),(356,'我想要在茅亭里看雨、假山边看蚂蚁，看蝴蝶恋爱，看蜘蛛结网，看水，看船，看云，看瀑布，看你甜甜地睡觉。','2019-11-03','土味情话'),(357,'希望与你相识在冬天，过了一个春夏，秋天你一定要来。','2019-11-03','土味情话'),(358,'我还是喜欢你，像小时候吃辣条，不看日期。','2019-11-03','土味情话'),(359,'长话短说，爱我。','2019-11-03','土味情话'),(360,'所爱隔山海，山海皆可平。','2019-11-03','土味情话'),(361,'那时候我觉得，你就是我的神启','2019-11-03','土味情话'),(362,'“520，我爱你”，“不对，是我爱您”，“要这么庄严的吗”，“不是庄严，是像爱祖国一样爱你，绵长悠久，休戚相关”。','2019-11-03','土味情话'),(363,'面对你，我不仅善解人意，我还善解人衣。','2019-11-03','土味情话'),(364,'讲真的你未对我半分好，偏巧这感情疯长似野草。','2019-11-03','土味情话'),(365,'你牵动了我心脏的每个部分','2019-11-03','土味情话'),(366,'有人说，如果你在冬天遇到喜欢的人，他可以把你的冬天变成春天。','2019-11-03','土味情话'),(367,'关于想你这件事，躲得过对酒当歌的夜，躲不过四下无人的街。','2019-11-03','土味情话'),(368,'见什么世面，见见你就好了。','2019-11-03','土味情话'),(369,'你的所言所行，全都閃爍着光芒，太過刺目，於是我閉上雙眼，但內心還是無法停止對你的憧憬。','2019-11-03','土味情话'),(370,'糟糕，是心动的感觉。','2019-11-03','土味情话'),(371,'他们说这个世界上海最深邃，干净又透明，我想那是他们没见过你的眼睛。','2019-11-03','土味情话'),(372,'你看过的所有风景都与我无关，我看过的所有风景都与你相关。','2019-11-03','土味情话'),(373,'你喜欢大海，我爱过你。','2019-11-03','土味情话'),(374,'满心向你，却只字不提 ，你知道就知道 ，不知道也就算了，口里的爱不及心里的千分之一。','2019-11-03','土味情话'),(375,'你是我最爱的宝贝. 就算是有比你更好看漂亮的人. 那也都不管我的事','2019-11-03','土味情话'),(376,'本来很丧的，可是收到你的消息我一下就知道心脏在努力的跳动，突然就热爱生命了','2019-11-03','土味情话'),(377,'你猜我喜欢什么制服” “被你制服”','2019-11-03','土味情话'),(378,'我以前喜欢吃肉，但今天看到你我决定开始吃素，因为，你是我的菜。','2019-11-03','土味情话'),(379,'不要愁老之将至，你老了一定很可爱。而且，假如你老了十岁，我当然也同样老了十岁，世界也老了十岁，上帝也老了十岁，一切都是一样。','2019-11-03','土味情话'),(380,'醒来觉得甚是爱你','2019-11-03','土味情话'),(381,'你知道你和猴子什么区别吗” “一个住在山洞，一个住在我心里”','2019-11-03','土味情话'),(382,'你来我信你不会走，你走我当你没来过——《失恋33天》','2019-11-03','土味情话'),(383,'我们之间没有惊天动地的虐恋情深，但我有一颗真心，满满的全是你。','2019-11-03','土味情话'),(384,'某年、某月、某日，晴，我在从前等你…… 时光如梦，恍然离下；朝花夕拾，尽是枯萎。从前，我爱你、现在、将来初心依然！','2019-11-03','土味情话'),(385,'“你今天早上是不是很累？”“你怎么知道？”“因为你昨天晚上一直在我心里跑来跑去啊。”','2019-11-03','土味情话'),(386,'你有没有闻到什么烧焦的味道？那是我的心在燃烧。','2019-11-03','土味情话'),(387,'如果有一天你被困在了一个红色的房子里，那里没有窗也没有门，别怕，那是在我心里.','2019-11-03','土味情话'),(388,'你眼瞎吗？撞在我的心口上了。','2019-11-03','土味情话'),(389,'我对你的爱就像拖拉机，轰轰烈烈','2019-11-03','土味情话'),(390,'本是青灯不归客，却因浊酒流风尘','2019-11-03','土味情话'),(391,'你是心你是肝你是我的四分之三。','2019-11-03','土味情话'),(392,'和你在一起，我变得随心所欲，不再战战兢兢，担心忧虑。','2019-11-03','土味情话'),(393,'你喜欢我是始料未及的欢愉，你不喜欢我是万物如常的命理。','2019-11-03','土味情话'),(394,'我感觉你最近胖了，难怪你在我心中的分量变重了。','2019-11-03','土味情话'),(395,'你辛苦归辛苦，什么时候有空嫁给我。','2019-11-03','土味情话'),(396,'我的快乐即是爱你，我的安慰即是思念你，你愿不愿待我好则非我所愿计及。','2019-11-03','土味情话'),(397,'我手上划了一道口子你也划一条吧 这样咱俩就是两口子了','2019-11-03','土味情话'),(398,'想多亲亲我身边的风，说不定哪天它就吹到你脸上了。','2019-11-03','土味情话'),(399,'我实在是个坏人，但作为你的朋友的我，却确实是在努力着学做好人。','2019-11-03','土味情话'),(400,'你这种人！我除了恋爱没什么和你好谈的','2019-11-03','土味情话'),(401,'因为喜欢，所以会介意很多事，要是不喜欢，就不会生那么多气了。','2019-11-03','土味情话'),(402,'我是9你是3，除了你还是你','2019-11-03','土味情话'),(403,'\"How far are you from me,O Fruit?\" \"I am hidden in your heart,O Flower.\"','2019-11-04','彩虹屁'),(404,'你是春天的第一缕微风，夏天的第一块西瓜，秋天的第一颗柿子，冬天的第一朵雪花，你是山间的清溪，林间的小鹿，你是一切美好，是我的光','2019-11-04','彩虹屁'),(405,'你以为我刀枪不入，我以为你百毒不侵。','2019-11-04','彩虹屁'),(406,'夜幕深沉里 ，你就是我的星','2019-11-04','彩虹屁'),(407,'想牵你的手，从心动，到古稀，到尽头','2019-11-04','彩虹屁'),(408,'你从我面前缓缓走过的时候，天气都变晴朗','2019-11-04','彩虹屁'),(409,'甜有100种方式：吃糖、吃蛋糕和想你98次。','2019-11-04','彩虹屁'),(410,'如果每一片空气，都带着可以看见的味道，那你周围就是我最爱的水蜜桃软糖味儿','2019-11-04','彩虹屁'),(411,'每次你发朋友圈 我就又到了换手机桌面的时候','2019-11-04','彩虹屁'),(412,'子曰：三思而后行，1...2...3...我喜欢你','2019-11-04','彩虹屁'),(413,'现实世界一切已知的客观存在里，我最喜欢你。','2019-11-04','彩虹屁'),(414,'星尘是宇宙的披风，而你是宇宙中最美好的生命体','2019-11-04','彩虹屁'),(415,'突然明白这世上所有丹青水墨，山遥水阔，都是为了铺垫你这人间绝色','2019-11-04','彩虹屁'),(416,'今晚早点睡觉，明天起床还要继续喜欢你','2019-11-04','彩虹屁'),(417,'你说你七点会来，那我就会一直等待','2019-11-04','彩虹屁'),(418,'世事如书，我偏爱你这一句','2019-11-04','彩虹屁'),(419,'这是什么绝世小可爱 怎么看都是我喜欢的类型','2019-11-04','彩虹屁'),(420,'早知道就给你糖了，你居然在我心里捣乱','2019-11-04','彩虹屁'),(421,'你的这个发问？展示了强烈的好奇心，好奇心是进步的源泉，相信生活中的你也是一个充满好奇心的人，用于探索未知，有一双能发现新奇的眼睛，你真棒。','2019-11-04','彩虹屁'),(422,'我就觉得， 你笑起来嘚瑟嚣张的样子，宇宙无敌好看。你哭起来委屈巴巴的样子，天下第一可爱。你矫情，就像奥特曼爱小怪兽一样萌。 你炸毛，就像加菲猫偷吃小鱼干一样傻。你撒娇呀，奥特曼小怪兽加菲猫甚至小鱼干都打成了一团，他们也想替我抱抱你。','2019-11-04','彩虹屁'),(423,'闭上眼，感觉整个世界只剩下你的声音','2019-11-04','彩虹屁'),(424,'我想我会开始想念你，可是我刚刚才遇见了你','2019-11-04','彩虹屁'),(425,'若深情不能对等，愿爱得更多的人是我。','2019-11-04','彩虹屁'),(426,'这世上美好的东西不太多，立秋傍晚从河对岸吹来的风，二十来岁笑起来要人命的你','2019-11-04','彩虹屁'),(427,'你就是春风，不停吹动着我的心。','2019-11-04','彩虹屁'),(428,'是我隔音效果太好，否则你一定会听到我怦怦的心跳声，隔着三千棵树，六百条河','2019-11-04','彩虹屁'),(429,'在人流中，我一眼就发现了你，我不敢说你是她们中最漂亮的一个，可是我敢说，你是她们中最出色的一个。那颀长健美的身材，优雅迷人的风度，尤其是那一头乌亮的秀发，有一种说不出的魅力','2019-11-04','彩虹屁'),(430,'其实你也没那么好，就是比其它女孩漂亮点、温柔点、聪明点、贤惠点、懂事点、大方点、谦虚点 ……','2019-11-04','彩虹屁'),(431,'世间万物皆苦，你明目张胆的偏爱就是救赎。','2019-11-04','彩虹屁'),(432,'像女人洗完澡身上还残留着水珠 随便裹着大衣坐在落地窗前点着烟看着这个城市的灯红酒绿，她的声音像是从留声机里穿出来的下午三两点的冬日阳光，又像猫咪睁开了眼睛。','2019-11-04','彩虹屁'),(433,'独自走过苍苍莽莽，与你同行才有了光。','2019-11-04','彩虹屁'),(434,'半途而废不好 所以我建议你喜欢我到老','2019-11-04','彩虹屁'),(435,'如果有一天我说想你了，不是这天我想你了，而是这天我憋不住了。','2019-11-04','彩虹屁'),(436,'我要用尽我的万种风情，让你将来任何不和我在一起的时候，内心都无法安宁。','2019-11-04','彩虹屁'),(437,'这个世纪疯狂，腐败，没人性；你却一直清醒，温柔，一尘不染。','2019-11-04','彩虹屁'),(438,'爱上你之后心里的条条框框都没有了，你的样子就是我爱的样子。','2019-11-04','彩虹屁'),(439,'从来不偷东西的你，却爱偷笑 于是从来不偷东西的我 便学会了偷看','2019-11-04','彩虹屁'),(440,'许多事情，我是自你起，才开始想的','2019-11-04','彩虹屁'),(441,'什麼甜點都沒有你甜 不是？ 那你讓我嘗一口     ','2019-11-04','彩虹屁'),(442,'「覅䣈歀糣鬻喜欢你龒㼭悫厵」你看，我除了喜欢你，什么都不会','2019-11-04','彩虹屁'),(443,'希望你是青春，也是老伴','2019-11-04','彩虹屁'),(444,'想把西瓜最中间的一块儿，果盘里最大的一颗草莓，肉松面包上的一层肉松，蛋糕上最大的一块儿巧克力，天上最亮的一颗星，全都送给你','2019-11-04','彩虹屁'),(445,'我快写不出情话了 只想见你一面','2019-11-04','彩虹屁'),(446,'他们说 青山是否多妩媚 还需得看青山是谁 ，可我摇头 ，我见众生皆草木 ，唯你是青山','2019-11-04','彩虹屁'),(447,'你的名字，是我见过最短的情诗','2019-11-04','彩虹屁'),(448,'喜欢看你认真的样子，喜欢听你的声音，忍不住想要永远拥有你的微笑~','2019-11-04','彩虹屁'),(449,'你称得上一切美好 你就是美好本身','2019-11-04','彩虹屁'),(450,'谁能错过你这么好的仙女呢？如果错过，不如自杀。','2019-11-04','彩虹屁'),(451,'螃蟹在剥我的壳，笔记本在写我；漫天的我落在枫叶雪花上；而你在想我。','2019-11-04','彩虹屁'),(452,'喜欢我望向别处时你落在我身上的目光','2019-11-04','彩虹屁'),(453,'你是我的玫瑰你是我的花，小鸟的情话只给您夸😉','2019-11-04','彩虹屁'),(454,'把你的耳朵借给我 ，听我说尽岁月的情话','2019-11-04','彩虹屁'),(455,'喜欢是一朝一夕，爱你是从心动到古稀。','2019-11-04','彩虹屁'),(456,'你眼中有星海浩渺，山河千里。而我眼中有你。','2019-11-04','彩虹屁'),(457,'你去学游泳吧，这样我们就能永浴爱河啦。','2019-11-04','彩虹屁'),(458,'每次看到好看的女孩子都觉得和你有点神似，我想这时间但凡称得上美人的，需得有几分像你。不过她们又都只能像你，因为你的可爱她们学也学不来。','2019-11-04','彩虹屁'),(459,'“你会不爱我吗？”“不爱你？不会。爱你就像爱生命。”','2019-11-04','彩虹屁'),(460,'月亮是我抛的硬币，两面都是梦见你。','2019-11-04','彩虹屁'),(461,'我想用手掌里紧握的温暖，托住时光里微笑的模样。','2019-11-04','彩虹屁'),(462,'好多年了，你一直在我的伤口幽居。我放下过天地，从未放下过你。','2019-11-04','彩虹屁'),(463,'奥利奥的打开方式是舔一舔泡一泡  你的打开方式是不是亲一亲抱一抱','2019-11-04','彩虹屁'),(464,'绕地球9999圈赶来朝拜你的容颜','2019-11-04','彩虹屁'),(465,'我这辈子走过很多的路，行过很多地方的桥，看过很多次数的云，喝过很多种类的酒，却只爱过一个正当年龄的人。','2019-11-04','彩虹屁'),(466,'松鼠用叶子埋住脚，小溪揉揉岩石的头，彩虹悄悄趴在云边，梅园落下一颗苹果，嘿，是我的心上人来了','2019-11-04','彩虹屁'),(467,'我算不上低调 但也不喜欢炫耀 却想让每个认识我的人都知道你。','2019-11-05','彩虹屁'),(468,'像星星燃烧天空，像花坠落在春天，像大雪覆盖冬天。你也这样，点亮了我所有的世界','2019-11-05','彩虹屁'),(469,'如果你的一生需要有人捧在手上 那个人只能是我 必须是我','2019-11-05','彩虹屁'),(470,'上一秒想问你牛奶糖果布丁巧克力果汁甜甜圈冰淇淋要哪一个，下一秒算了算了全都给你','2019-11-05','彩虹屁'),(471,'你也太好看了吧！好想亲自在你身边感受你的魅力','2019-11-06','彩虹屁'),(472,'你是非常可爱的人，真应该遇到最好的人，我也真希望我就是。','2019-11-06','彩虹屁'),(473,'你知不知道为什么我怕你？”“不知道”“因为我怕老婆','2019-11-06','土味情话'),(474,'今天天气真好,我有点想你了.','2019-11-06','彩虹屁'),(475,'希望春风能对你温柔点，拂去烦躁，满目皆是柔情。','2019-11-06','彩虹屁'),(476,'我听说十三月有你 便穷尽这一生去寻你 漫天柳絮倾覆了我情义','2019-11-06','彩虹屁'),(477,'你是我安稳岁月里的节外生枝。','2019-11-06','彩虹屁'),(478,'爱是崇拜，是紧张，是娇羞，是笃定，是你。','2019-11-06','彩虹屁'),(479,'你携风而来，如花绽放；于雪色之间，揽月而上。至此，世间所谓风花雪月，皆与你有关。','2019-11-06','彩虹屁'),(480,'喜欢三月，喜欢三月的雨，喜欢三月的太阳，最喜欢的还是三月的你','2019-11-06','彩虹屁'),(481,'喜欢一切可爱的人与事，悦耳的风铃、伸懒腰的猫咪、叽叽喳喳的小鸟、在风里翻飞的书页上的漂亮的文字。喜欢世间万物，但我更喜欢你，因为你是可爱本身。','2019-11-06','彩虹屁'),(482,'我一天一天明白你的平凡，同时却一天一天愈更加深切地爱你。你如照镜子，你不会我看得见你特别美好的所在，但是你如走到我的心里来时，你一定能知道自己是怎样好法。','2019-11-06','彩虹屁'),(483,'以前喜欢满天的星星，现在喜欢看月亮。还很喜欢万物都静下来的夜晚，像一个无声的怀抱，更喜欢你 ​​​','2019-11-06','彩虹屁'),(484,'为你，千千万万遍。','2019-11-06','彩虹屁'),(485,'你让我知道，沉迷于你，是我命定的事','2019-11-06','彩虹屁'),(486,'只要每次一想到你，生命便充满了意义。','2019-11-07','彩虹屁'),(487,'下辈子我想比所有人都早点遇见你，然后陪你一生。','2019-11-07','彩虹屁'),(488,'你是我这一生只会遇见一次的惊喜。','2019-11-07','彩虹屁'),(489,'想给自己颁一个最佳进步奖，毕竟我每天都爱你比昨天多一点','2019-11-07','彩虹屁'),(490,'你对我的好，抵过了我过去所经历过的春夏秋冬。','2019-11-10','彩虹屁'),(491,'穿过千里，万里，雾里，你是我最珍贵的所有，见过最美的风景，和我全部的英雄概气和一世荣光。','2019-11-10','彩虹屁'),(492,'只怕这尘世喧嚣 ，唯有你怀是我唯一安逸之所','2019-11-10','彩虹屁'),(493,'快停止发散魅力吧，你这个浑身充满魅力的家伙','2019-11-10','彩虹屁'),(494,'以后一起生一个宝宝，一家三口，爸爸最丑','2019-11-10','彩虹屁'),(495,'我的愿望是一夜暴富，不然抱你也行','2019-11-10','彩虹屁'),(496,'我有点花心，喜欢每一个你','2019-11-10','彩虹屁'),(497,'后海有树的院子，夏代有工的玉，此时此刻的云，二十来岁的你。','2019-11-10','彩虹屁'),(498,'打印一张你的照片放在口袋，今天我就是身藏巨款的人，你最珍贵','2019-11-10','彩虹屁'),(499,'我最大的幸福，就是你给的在乎。','2019-11-16','彩虹屁'),(500,'今天天气真好,我有点想你了.','2019-11-16','彩虹屁'),(501,'报告一下，我变心了，今天的我比昨天更喜欢你了','2019-11-16','彩虹屁'),(502,'我喜欢夏天的雨，雨后的光，和任何时候的你。','2019-11-16','彩虹屁'),(503,'想给你从清晨点赞到日暮，从北极跨越到南极，你放心去飞！','2019-11-16','彩虹屁'),(504,'言与司合,安上已脱,芝芙草拔。','2019-11-16','彩虹屁'),(505,'请你认真向风学学怎么往我怀里钻','2019-11-16','彩虹屁'),(506,'原以为我已经不会再爱上任何一个人，但看到你的一瞬间我才发现自己错了。你是我的梦中女神，我承认自己心动了','2019-11-16','彩虹屁'),(507,'晚是全世界的晚 ，安是指给你的安','2019-11-16','彩虹屁'),(508,'我愿意舍弃一切，以想念你终此一生。','2019-11-16','彩虹屁'),(509,'我就这样一路蹦蹦跳跳撒着小星星跑到你心里啦','2019-11-16','彩虹屁'),(510,'我是你心脏的十万分之一，你也是我的之一，让我心脏兵荒马乱的那1%。','2019-11-16','彩虹屁'),(511,'穿过千里，万里，雾里，你是我最珍贵的所有，见过最美的风景，和我全部的英雄概气和一世荣光。','2019-11-16','彩虹屁'),(512,'错过了青梅竹马 避开了情窦初开 如今我只想和你两鬓斑白','2019-11-17','彩虹屁'),(513,'爱意若是十分满，我想予你十二分','2019-11-17','彩虹屁'),(514,'看见你那一刻，感觉像吃掉了会微笑的糖果','2019-11-17','彩虹屁'),(515,'“你在干嘛”“我也想你”','2019-11-18','彩虹屁'),(516,'每当你出现在我面前 我的脑袋空的就像洗过一样 只剩下傻笑','2019-11-18','彩虹屁'),(517,'我喜欢你就像是烟火升空，会在心里每一个小地方，都绽放小小的烟花，在心里噼里啪啦的炸开。','2019-11-19','彩虹屁'),(518,'我一直都觉得，我应该是个合格的恋人，温柔大方善解人意的事情信手拈来，但是一不小心太喜欢你了，所以一切都搞砸了，我成了幼稚又小心眼嫉妒心爆棚的讨厌鬼。','2019-11-27','彩虹屁'),(519,'我们都是世上多余的人，但至少我们对于彼此都是世界最重要的人。','2019-11-27','土味情话'),(520,'你不用担心，我会帮你搞定我妈。','2019-11-27','土味情话'),(521,'你是属什么的？我属龙的，不，你是属于我的。','2019-11-27','土味情话'),(522,'我的快乐即是爱你，我的安慰即是思念你，你愿不愿待我好则非我所愿计及。','2019-11-27','土味情话'),(523,'“你今天早上是不是很累？”“你怎么知道？”“因为你昨天晚上一直在我心里跑来跑去啊。”','2019-11-27','土味情话'),(524,'星光不问赶路人，岁月不负有心人','2019-11-27','土味情话'),(525,'你别对我笑，我怕以后得不到，又忘不掉。','2019-11-27','土味情话'),(526,'我是霉变的橙子​，虫噬的玫瑰。但在你面前，我清白又勇敢，晴朗又温柔。','2019-11-27','土味情话'),(527,'做饭做家务怕老婆，爱你的三大特征我都有','2019-11-27','土味情话'),(528,'这一辈子，还有没有可能，会有一个人，因为一句你想他，不远万里，不为别的，只为看看你。','2019-11-27','土味情话'),(529,'你就像破晓的那一束光，驱散了笼罩我的黑夜，至此，光芒万丈','2019-11-27','土味情话'),(530,'在所有的道别里，还是最喜欢明天见。','2019-11-27','土味情话'),(531,'为什么我的眼中常含泪水，因为我爱你爱的深沉','2019-11-27','土味情话'),(532,'“三十岁是个坎？意思是过了30一切就好起来了是吧？”“意思是过了30岁，生活就结束前戏，开始狠狠操你了。”','2019-11-27','土味情话'),(533,'喜欢，就是知道对方最好的一面而喜欢他；爱，就是明知对方最差的一面，却仍然爱得义无反顾。','2019-11-27','土味情话'),(534,'睡眠和失眠的差别，在于睡（shui）中有you','2019-11-27','土味情话'),(535,'有时候我想比你晚出生一百年，你的一生被拍成一部电影，而我一生只做一件事：独自坐在房间，面对墙上的荧光屏，用我的一生把你的一生看完。','2019-11-27','土味情话'),(536,'本来很丧的，可是收到你的消息我一下就知道心脏在努力的跳动，突然就热爱生命了','2019-11-27','土味情话'),(537,'我可以许一个贪心的愿望吗?神明实现不了，只有你可以。','2019-11-27','土味情话'),(538,'我对你的喜欢就像手扶拖拉机上山，轰轰烈烈。','2019-11-27','土味情话'),(539,'那时候我觉得，你就是我的神启','2019-11-27','土味情话'),(540,'宁不知倾城与倾国，佳人难再得','2019-11-27','土味情话'),(541,'你说的每句漫不经心的话，全在我心头开成了漫山遍野的花。','2019-11-27','土味情话'),(542,'原谅我太贪心，陪了你情窦初开，还想陪你两鬓斑白。','2019-11-27','土味情话'),(543,'有的人说不清哪里好，但就是谁都替代不了。','2019-11-27','土味情话'),(544,'姑娘我想我们合二为一，尽情享受人间仙境','2019-11-27','土味情话'),(545,'我好香，你要不要抱一下','2019-11-27','土味情话'),(546,'不好意思，刚我对其他人动了心，因为她，很像你','2019-11-27','土味情话'),(547,'不许你再叫我X先生，否则我要从字典中查出世界上最肉麻的称呼来称呼你。特此警告。','2019-11-27','土味情话'),(548,'前世的五百次回眸换得今生的一次擦肩而过，我用一千次回眸换得今生在你面前的驻足停留。','2019-11-27','土味情话'),(549,'最近有谣言说我喜欢你，我要澄清一下，那不是谣言。','2019-11-27','土味情话'),(550,'满心向你，却只字不提 ，你知道就知道 ，不知道也就算了，口里的爱不及心里的千分之一。','2019-11-27','土味情话'),(551,'选择了你，就要坚持到死','2019-11-27','土味情话'),(552,'你知道我为什么会感冒吗？因为见到你就没有抵抗力呀，我爱你。','2019-11-27','土味情话'),(553,'你是我的玫瑰你是我的花，小鸟的情话只给您夸。','2019-11-27','土味情话'),(554,'我看过很多书，但都没有你好看。','2019-11-27','土味情话'),(555,'甜有一百种方式，吃糖和99次想你。','2019-11-27','土味情话'),(556,'房产证写你名字，我妈会游泳，难产保大，余生多指教。','2019-11-27','土味情话'),(557,'最近都忙着学雷锋呢，你也做个好事帮我洗个东西吧，洗欢我','2019-11-27','土味情话'),(558,'你的脸上有点东西，有什么？有点漂亮。','2019-11-27','土味情话'),(559,'“我是可爱的女孩子。”“嗯？”“你是可爱啊。”','2019-11-27','土味情话'),(560,'你猜我喜欢什么制服” “被你制服”','2019-11-27','土味情话'),(561,'只愿君心似我心 ​​​​','2019-11-27','土味情话'),(562,'今天的天空是淡山茱萸粉的颜色，就像初次见你时，你的笑是我不曾见过的世外桃源','2019-11-27','土味情话'),(563,'这是西服，这是迷彩服，你是我的小幸福。','2019-11-27','土味情话'),(564,'你露出笑容的话，那么我也是一样笑着的吧……♪','2019-11-27','土味情话'),(565,'那些说星星好看的人一定没有看过你的眼睛','2019-11-27','土味情话'),(566,'谁会喜欢一米七的萌妹啊，还不是因为你是咖啡和奶茶的混合体。','2019-11-27','土味情话'),(567,'这世间的长情莫过于你和我挽手余生','2019-11-27','土味情话'),(568,'我想要在茅亭里看雨、假山边看蚂蚁，看蝴蝶恋爱，看蜘蛛结网，看水，看船，看云，看瀑布，看你甜甜地睡觉。','2019-11-27','土味情话'),(569,'别慌，月亮也正在大海某处迷茫。','2019-11-27','彩虹屁'),(570,'Good night without you is just a night.','2019-11-27','土味情话'),(571,'我想把自己变成AI，只为做你的语音助手。','2019-11-27','土味情话'),(572,'你是心你是肝你是我的四分之三。','2019-11-27','土味情话'),(573,'我怀疑你的本质是一本书，不然为什么让我越看越想睡。','2019-11-27','土味情话'),(574,'如果你不怕麻烦的话，可以麻烦喜欢我一下吗？','2019-11-27','土味情话'),(575,'想你这件事，躲得过对酒当歌的夜，躲不过四下无人的街。','2019-11-27','土味情话'),(576,'你是我的星河明月','2019-11-27','土味情话'),(577,'你为什么要害我？害你什么？害我那么喜欢你。','2019-11-27','土味情话'),(578,'你知道你和星星的区别吗？星星点亮了黑夜，而你点亮了我的心','2019-11-27','土味情话'),(579,'这是我的手背，这是我的脚背，你是我的宝贝。','2019-11-27','土味情话'),(580,'我喜欢的人远在天边，近在眼前。','2019-11-27','土味情话'),(581,'你知道你和星星有什么区别吗？那就是星星在天上，而你在我心里','2019-11-27','土味情话'),(582,'静静的走进你的心里，找个角落坐下，发现一切的律动都是随着你的心跳而改变！','2019-11-27','土味情话'),(583,'姑娘往北走，小生向南瞧，今生就此别过，不再打搅，望姑娘日后善其身，遇贵人，与君欢喜成，暖色度黄昏。 ','2019-11-27','土味情话'),(584,'你有打火机吗？没有啊，那你是怎么点燃我的心的？','2019-11-27','土味情话'),(585,'正在播放《我又失眠了》','2019-11-27','土味情话'),(586,'即使我再张牙舞爪，蛮不讲理，希望我在你眼里依然是最好的宝贝。','2019-11-27','土味情话'),(587,'我解过那么多数学题，可是我却解不开你的。','2019-11-27','土味情话'),(588,'我最近没有偷偷减肥哦，但是体重却下降了，因为我的心跑你那去了','2019-11-27','土味情话'),(589,'你牵动了我心脏的每个部分','2019-11-27','土味情话'),(590,'我们的性格并不完全一致，但尽有互相共鸣的地方。我们的认识虽是偶然，我们的交契却并非偶然。凭良心说，我不能不承认你在我心目中十分可爱，虽我对于你并不是盲目的赞美。我们需要的是对于彼此弱点的谅解，只有能互相谅解的人，弱点才能变得并不可靠，甚至于反是可爱也说不定。','2019-11-27','土味情话'),(591,'这是果冻，这是树洞，你是我的心动。','2019-11-27','土味情话'),(592,'终会有人把你捧在心尖上，喜欢你喜欢的像个傻子，终会有人保护好你的少女心，让你再次相信爱情。','2019-11-27','土味情话'),(593,'你不觉得累吗？你已经在我的世界里跑了好几圈了','2019-11-27','土味情话'),(594,'假如有一天你想哭，打给我，不能保证逗你笑，但我能陪着你一起哭；假如有一天你想逃跑，打给我，不能说服你留下，但我会陪着你一起逃。','2019-11-27','土味情话'),(595,'我好像感冒了诶，怎么办，对你一点抵抗力都没有。','2019-11-27','土味情话'),(596,'孤烟无垠万里沙，幸能与你踏。 ​​​​','2019-11-27','土味情话'),(597,'我玩了六年英雄联盟，后来才发现你才是我的英雄。','2019-11-27','土味情话'),(598,'前天是小鹿，昨天是小兔，今天是你','2019-11-27','土味情话'),(599,'你知不知道为什么我怕你？”“不知道”“因为我怕老婆','2019-11-27','土味情话'),(600,'这是车票，这是发票，你是我最最最可爱的女票。','2019-11-27','土味情话'),(601,'我一直想从你的窗子里看月亮。','2019-11-27','土味情话'),(602,'糟糕，是心动的感觉。','2019-11-27','土味情话'),(603,'已经过了耳听爱情的年纪，只想找一份喧闹中的安静。','2019-11-27','土味情话'),(604,'眼睛里，有2.8万个你。可能我是只蜻蜓吧，不然怎么会在清晨吻你？','2019-11-27','土味情话'),(605,'这一世，你是冰冷的永磁体，而我是你沟通世界的两极，纵你已粉身碎骨，我亦不离不弃……','2019-11-27','土味情话'),(606,'你闻到什么味道了吗？没有啊，怎么你一出来空气都是甜的了。','2019-11-27','土味情话'),(607,'我酒和故事都没有，只有一身孤独，我是个傻子，傻到认为你喜欢我。','2019-11-27','土味情话'),(608,'我的酒量大概就是：八瓶香槟 七瓶伏特加 六瓶野格 五瓶威士忌 四瓶杰克丹尼 三瓶朗姆 两瓶生命之水 或者 你的一声：宝贝','2019-11-27','土味情话'),(609,'亲爱的，容我轻轻咬耳，遇见你便寻到了春天！','2019-11-27','土味情话'),(610,'你知道的，你是我打不倒的热爱。','2019-11-27','彩虹屁'),(611,'我想你的时候阳光空气都很好。','2019-11-27','土味情话'),(612,'有时候，我宁愿享受寂寞，一杯茶、一本书、一段音乐… 那也是一次完美自我的历练，有时候，我也想醉，醉了才动心底的情，醉了才说想说的话… 说到底，我就是普通的女人，偶尔爱做美梦的女人。','2019-11-27','土味情话'),(613,'晚是世界的晚，安是有你的安','2019-11-27','土味情话'),(614,'做腻了可爱的女孩子，我有点想做你的太太。','2019-11-27','土味情话'),(615,'你生病了 你缺我','2019-11-27','土味情话'),(616,'曾经我自诩半个诗人，见山是深情伟岸，见海是热情澎湃，见花见草信他们皆有故事，云海江潮，虫鸣鸟啼都暗藏情愫。唯独见了你，山川沉默，海面静谧，云海不再翻涌，江潮不再澎湃，花鸟鱼虫被光与尘凝固，世界万籁俱寂，只剩下你。','2019-11-27','土味情话'),(617,'虽然你没有我前女友漂亮 但我一见到你就有种想跟你定下来的感觉','2019-11-27','土味情话'),(618,'我只愿凭这灵感的相通，带给彼此以慰藉，像流星的光辉，照耀我疲惫的梦寐，永远存一个安慰，纵然在别离时。','2019-11-27','土味情话'),(619,'喜欢被宠，如果哪天我过得好好的突然不小心被人宠死的话，我也一点意见都没有。','2019-11-27','土味情话'),(620,'我还是爱你，就像风走了八万里，不问归期。','2019-11-27','土味情话'),(621,'我从不后悔一直喜欢你，那些孤独枯燥的时光岁月，因为你而变得温柔。','2019-11-27','土味情话'),(622,'关于想你这件事，躲得过对酒当歌的夜，躲不过四下无人的街。','2019-11-27','土味情话'),(623,'思念如白马，自别离，未停蹄','2019-11-27','土味情话'),(624,'我是你的什么,你是我的QQ啊.','2019-11-27','土味情话'),(625,'我不想做你的盖世英雄，只想每天晚上帮你盖好被子。','2019-11-27','土味情话'),(626,'晓看天色，暮看云，坐也思君，行也思君','2019-11-27','土味情话'),(627,'你知道你和猴子什么区别吗” “一个住在山洞，一个住在我心里”','2019-11-27','土味情话'),(628,'真希望你有读心术，一眼就能看穿我的心思。','2019-11-27','土味情话'),(629,'我是九，你是三，除了你还是你。','2019-11-27','土味情话'),(630,'见什么世面，见见你就好了。','2019-11-27','土味情话'),(631,'我们之间没有惊天动地的虐恋情深，但我有一颗真心，满满的全是你。','2019-11-27','土味情话'),(632,'以后早点睡，为什么？目前我还养不起国宝。','2019-11-27','土味情话'),(633,'猜猜我的心在哪边？左边错了，在你那边。','2019-11-27','土味情话'),(634,'我愿将我余生燃烧，暖你未来的路。','2019-11-27','土味情话'),(635,'要是世上只有我们两个人多么好，我一定要把你欺负得哭不出来。','2019-11-27','土味情话'),(636,'我不知道该说什么，只是突然在这一刻很想你。','2019-11-27','土味情话'),(637,'莺莺燕燕，不过浮生一梦。遗世独立，不如烂醉花间。','2019-11-27','土味情话'),(638,'因为喜欢，所以会介意很多事，要是不喜欢，就不会生那么多气了。','2019-11-27','土味情话'),(639,'疏窗细雨，夜夜孤灯。','2019-11-27','土味情话'),(640,'按理说，我这么这么喜欢你，真应该从长计议步步为营的筹谋一切，让你慢慢上瘾直到离不开我。可我已经没有理智了，也没有问过你同不同意，就一腔热血的投入了所有感情，吓到你的话真的对不起，可我…在你面前无法克制','2019-11-27','土味情话'),(641,'莫文蔚的阴天，孙燕姿的雨天，周杰伦的晴天，都不如你和我聊天。','2019-11-27','土味情话'),(642,'被你赞过的朋友圈，叫甜甜圈。','2019-11-27','土味情话'),(643,'我一天一天明白你的平凡，同时却一天一天愈更深切地爱你。你如照镜子，你不会看得见你特别好的所在，但你如走进我的心里来时，你一定能知道自己是怎样好法。','2019-11-27','土味情话'),(644,'这辈子跟我在一起吧，不行我就等等，再不行的话，我就想想别的办法。','2019-11-27','土味情话'),(645,'不须耳鬓常厮伴，一笑低头意已倾','2019-11-27','土味情话'),(646,'长话短说，爱我。','2019-11-27','土味情话'),(647,'我要你知道，这个世界上有一个人会永远等着你。无论是在什么时候，无论你在什么地方，反正你知道总会有这样一个人。','2019-11-27','土味情话'),(648,'人说红颜薄命，你做我的红颜，我愿为你薄命。','2019-11-27','土味情话'),(649,'我想以后可以先吻吻你迷迷糊糊不清醒的眼睛，再摁下闹钟的关闭按钮','2019-11-27','土味情话'),(650,'像女人洗完澡身上还残留着水珠 随便裹着大衣坐在落地窗前点着烟看着这个城市的灯红酒绿，她的声音像是从留声机里穿出来的下午三两点的冬日阳光，又像猫咪睁开了眼睛。','2019-11-27','彩虹屁'),(651,'前半生到处浪荡，后半生为你煲汤。','2019-11-27','土味情话'),(652,'我觉得你有点怪，怪可爱的。','2019-11-27','土味情话'),(653,'我想去个地方什么地方？去你心里！','2019-11-27','土味情话'),(654,'动了情的小猪也会爬树喔','2019-11-27','土味情话'),(655,'面对你，我不仅善解人意，我还善解人衣。','2019-11-27','土味情话'),(656,'你闻到空气中有烧焦的味道吗？那是我的心在为你燃烧','2019-11-27','土味情话'),(657,'我可以等你一个夏天，想陪你一起看晚霞，再等你一个秋天，想陪你一起看落叶，到了冬天，你一定要来。','2019-11-27','土味情话'),(658,'讲真的你未对我半分好，偏巧这感情疯长似野草。','2019-11-27','土味情话'),(659,'我发现昨天很喜欢你，今天也很喜欢你，而且有预感明天也会喜欢你。','2019-11-27','土味情话'),(660,'我不是loli控，只是刚好喜欢的女孩子是loli而已','2019-11-27','土味情话'),(661,'我喜欢睡觉，不是因为困，也不是想休息，只是因为我只有梦里才能见到你','2019-11-27','土味情话'),(662,'你喜欢喝水吗？那你已经喜欢上70%的我了。','2019-11-27','土味情话'),(663,'你以后走路能不能看着点啊，都撞在我心上了。','2019-11-27','土味情话'),(664,'但愿来生我们终日在一起，每天每天从早晨口角到夜深，恨不得大家走开。','2019-11-27','土味情话'),(665,'你在我的人生是可遇而不可求，正因为如此我会加倍把你珍惜，我担心错过你将会遇不到比你更好的女人。','2019-11-27','土味情话'),(666,'一直以来，我总是依赖于你的温柔。因为和你相遇，我的梦想才能够实现。所以这次轮到我帮你实现梦想了。','2019-11-27','土味情话'),(667,'你今天能不能不洗澡，为什么？因为最近流行吃脏脏包。','2019-11-27','土味情话'),(668,'你可以笑一个吗？为什么呀？因为我的咖啡忘记加糖了。','2019-11-27','土味情话'),(669,'你辛苦归辛苦，什么时候有空嫁给我。','2019-11-27','土味情话'),(670,'你现在不珍惜我，我告诉你，过了这个村，我在下个村等你。','2019-11-27','土味情话'),(671,'你是我临死前，拔掉氧气罐，想吻的人；','2019-11-27','土味情话'),(672,'用铁做的门叫铁门，用木做的门叫木门，用幸福做的门叫什么门？叫我们','2019-11-27','土味情话'),(673,'你忙归忙，什么时候有空娶我啊。','2019-11-27','土味情话'),(674,'刚刚地震了吗？没有啊，那为什么看到你，我心头一震。','2019-11-27','土味情话'),(675,'我感觉你最近胖了，难怪你在我心中的分量变重了。','2019-11-27','土味情话'),(676,'如果不是因为这世界有些古怪，我巴不得永远和你厮守在一起。','2019-11-27','土味情话'),(677,'我是九你是三，除了你还是你。','2019-11-27','土味情话'),(678,'我想在你这里买一块地。什么地？我对你的死心塌地。','2019-11-27','土味情话'),(679,'因为有你，连今天的落日都觉得可爱','2019-11-27','彩虹屁'),(680,'某年、某月、某日，晴，我在从前等你…… 时光如梦，恍然离下；朝花夕拾，尽是枯萎。从前，我爱你、现在、将来初心依然！','2019-11-27','土味情话'),(681,'希望你要做一个披荆斩棘无所不能的女英雄，直到遇见一个能托付一生的人，再做一个瓶盖都拧不开的小公主。','2019-11-27','土味情话'),(682,'我很喜欢现在的我，和你一别两宽后的我。','2019-11-27','土味情话'),(683,'我看你挺笨的吹口哨都不会，要不要我嘴对嘴教你。','2019-11-27','土味情话'),(684,'本来因为噩梦不想睡觉的，可是想到万一能在梦里遇到你，我倒头就睡了，噩梦里有你就是甜甜的','2019-11-27','土味情话'),(685,'我发现昨天很喜欢你，今天也很喜欢你，而且有预感每天也会很喜欢你。','2019-11-27','土味情话'),(686,'你是往日的情书，是日落的余情未了，是路人脚下不停生长的风，也是我喜欢的人。','2019-11-27','土味情话'),(687,'你是我的一切，而别人只不过是从我生命边上轻轻擦过的路人','2019-11-27','土味情话'),(688,'等了那么久，你可算来了','2019-11-27','土味情话'),(689,'你有没有看见过某个笑容，让你想倾尽所有去守护。','2019-11-27','土味情话'),(690,'坏男人渣一阵子，好男人渣一辈子','2019-11-27','土味情话'),(691,'我渴望和你打架，也渴望抱抱你。','2019-11-27','土味情话'),(692,'我可以称呼你为您吗？这样我就可以把你放在心上了','2019-11-27','土味情话'),(693,'无聊的时候多想想我，不要浪费时间，知道吗？','2019-11-27','土味情话'),(694,'今夜我不关心人类，我只想你。','2019-11-27','土味情话'),(695,'如果有人对你恶语相向，我愿为你捂住耳朵，说上一世情话','2019-11-27','土味情话'),(696,'我一点也不想你，一点半再想。','2019-11-27','土味情话'),(697,'我不担心时光流逝，只因我坚信有你的日子将会越来越幸福，只到未来的某一天你我携手离开人世，我们的幸福将会达到巅峰。','2019-11-27','土味情话'),(698,'醒来觉得甚是爱你','2019-11-27','土味情话'),(699,'你这种人！我除了恋爱没什么和你好谈的','2019-11-27','土味情话'),(700,'可能人生的旅程就是在不断发现问题-解决问题-发现问题-解决问题。 ','2019-11-27','土味情话'),(701,'你是我赴汤蹈火，都放不下的执着','2019-11-27','土味情话'),(702,'吃糖吗？我有你就已经很甜了。','2019-11-27','土味情话'),(703,'你知道你像什么人吗？什么人？我的女人。','2019-11-27','土味情话'),(704,'你喜欢我是始料未及的欢愉，你不喜欢我是万物如常的命理。','2019-11-27','土味情话'),(705,'我寄你的信，总要送往邮局，不喜欢放在街边的绿色邮筒中，我总疑心那里会慢一点。','2019-11-27','彩虹屁'),(706,'入目无别人 四下皆是你','2019-11-27','土味情话'),(707,'遇见你的时候上帝在我耳边说了四个字 “在劫难逃”。','2019-11-27','土味情话'),(708,'有人说，如果你在冬天遇到喜欢的人，他可以把你的冬天变成春天。','2019-11-27','土味情话'),(709,'有些事情在遇见你的时候就决定了，比如：我喜欢你~','2019-11-27','土味情话'),(710,'●━━━━━━─────── 5:20    ','2019-11-27','土味情话'),(711,'我也想遇见一个人，为他花开满城，为他明灯三千。','2019-11-27','土味情话'),(712,'If you are still looking for that one person who will change you life ,take a look in the mirror.','2019-11-27','土味情话'),(713,'我还是喜欢你，像小时候吃辣条，不看日期。','2019-11-27','土味情话'),(714,'知道我和唐僧什么区别吗 唐僧取经我娶你','2019-11-27','土味情话'),(715,'你知道我最喜欢什么酒吗？和你的天长地久','2019-11-27','土味情话'),(716,'石头和你脑袋碰在一起谁痛？当然我的头痛了，不，是我心痛。','2019-11-27','土味情话'),(717,'无论是被人怨恨也好，被人讨厌也好，就算身体里的血液全部流尽也好，舍弃掉我所拥有的一切也好。就算要与全世界为敌，只要和你在一起，我就是幸福的。','2019-11-27','土味情话'),(718,'我想和你见面，地点你选，森林、沙漠、世界尽头的星空，草原、海边、清晨大雾的胡同，只要别在梦中。','2019-11-27','土味情话'),(719,'我想要去看一看你下辈子的命簿，看你下辈子娶到哪家，我便投胎到那家。','2019-11-27','土味情话'),(720,'你是高处折不到的桃花，是跨不上的英俊白马。','2019-11-27','土味情话'),(721,'和你在一起，我变得随心所欲，不再战战兢兢，担心忧虑。','2019-11-27','土味情话'),(722,'东风夜放花千树，我想去你家里住','2019-11-27','土味情话'),(723,'他对她说，他依然爱她，和过去一样，至死不渝','2019-11-27','土味情话'),(724,'我的手被划了一道口子，你也划一道，这样我们就是两口子了。','2019-11-27','土味情话'),(725,'只有你好像和所有的人完全不同，也许你不会知道，我和你在一起时较之和别人在一起时要活泼得多。与举世绝缘的我，只有你能在我身上引起感应。','2019-11-27','土味情话'),(726,'我以前喜欢吃肉，但今天看到你我决定开始吃素，因为，你是我的菜。','2019-11-27','土味情话'),(727,'佛说：前世五百次回眸，才能换来今生的擦肩而过。如果真是如此，那我愿意用下辈子，下下辈子，下下下辈子的时间，再次换来与你相遇、相知、相爱！','2019-11-27','土味情话'),(728,'你见过凌晨两点的太阳吗？见过，噩梦醒来身旁你熟睡的脸。','2019-11-27','土味情话'),(729,'从遇见你的那一天起，我所走的每一步都是为了更接近你。','2019-11-27','土味情话'),(730,'我的床不大不小，用来睡你刚刚好。','2019-11-27','土味情话'),(731,'不知道为什么和你一认识之后，便像被一根绳紧紧牵系住一样，怪不自由的，心也不能像从前一样轻了，但同时却又真觉得比从前幸福得多。','2019-11-27','土味情话'),(732,'生命那么短，世界那么乱，我不想争吵，不想冷战，不愿和你有一秒遗憾。','2019-11-27','土味情话'),(733,'请在我走投无路之际 予我忠诚与回眸 为了再爱一次 我愿意走投无路 我愿意再被孤独追杀一百次一万次 即使你是我避无可避的遭遇 和即将永远的失去','2019-11-27','土味情话'),(734,'我觉得你特像一款游戏，我的世界。','2019-11-27','土味情话'),(735,'秋天来了，你出现了，我心动了','2019-11-27','土味情话'),(736,'你有没有闻到什么烧焦的味道？那是我的心在燃烧。','2019-11-27','土味情话'),(737,'想成为你这辈子，不管过了多少年，遇见了多少人，以后回想起来还会觉得妙不可言的人。','2019-11-27','土味情话'),(738,'你是我最爱的宝贝. 就算是有比你更好看漂亮的人. 那也都不管我的事','2019-11-27','土味情话'),(739,'别让我看见你，不然我见你一次，就喜欢你一次。','2019-11-27','土味情话'),(740,'你知道我喜欢喝什么吗？ 呵护你','2019-11-27','土味情话'),(741,'你是我不及的梦。','2019-11-27','土味情话'),(742,'哪有什么突然想起，只是一直放在心里。','2019-11-27','土味情话'),(743,'你喜欢大海，我爱过你。','2019-11-27','土味情话'),(744,'想多亲亲我身边的风，说不定哪天它就吹到你脸上了。','2019-11-27','土味情话'),(745,'如果尔康对紫薇的爱天地可鉴，那么我对你的爱七十二变。','2019-11-27','土味情话'),(746,'你知道相得益彰吗？就像你的美貌、气质和性格。','2019-11-27','土味情话'),(747,'把手伸出来，这是我心房的钥匙，拿好','2019-11-27','土味情话'),(748,'在我们的人生路上，你不是沉重的包袱，而是甜蜜的行囊，背着你到天长地久，永远都是累并快乐着。','2019-11-27','土味情话'),(749,'晓看天色暮看云，行也思君，坐也思君','2019-11-27','土味情话'),(750,'天蓝蓝的云白白的都很可爱，就像捧着草莓味的冰淇淋圣代，吧唧吧唧吃着的我。','2019-11-27','土味情话'),(751,'我对你的爱就像拖拉机，轰轰烈烈','2019-11-27','土味情话'),(752,'用我的晚安陪你吃早餐 ','2019-11-27','土味情话'),(753,'你好 我是警察 你因为太可爱被逮捕了 手伸出来给我抓住 ​​​','2019-11-27','彩虹屁'),(754,'你是方便面我是白开水 今生今世我泡定你了','2019-11-27','土味情话'),(755,'你是不是喜欢我” 找到这句话的重复字','2019-11-27','土味情话'),(756,'我可以不为别人难过，但你不是别人，你是我的人。','2019-11-27','土味情话'),(757,'如果有一天你被困在了一个红色的房子里，那里没有窗也没有门，别怕，那是在我心里.','2019-11-27','土味情话'),(758,'天空飘来五个字，爱你不是事儿。','2019-11-27','土味情话'),(759,'前世的五百次回眸换得今生的一次擦肩而过，','2019-11-27','土味情话'),(760,'我要是再漂亮一点，悄悄看你时，目光就不会闪躲了。','2019-11-27','土味情话'),(761,'下次见面敲你一下，为什么？因为你，敲好看。','2019-11-27','土味情话'),(762,'这里一切都丑的，风、雨、太阳，都丑，人也丑，我也丑得很。只有你是青天一样可羡。','2019-11-27','土味情话'),(763,'愿你一生被爱 一生可爱 三月拾花酿春 六月流萤染夏 十月稻陌拾秋 腊月丛中吻雪 一年四季 四季最好都赠你','2019-11-27','土味情话'),(764,'“520，我爱你”，“不对，是我爱您”，“要这么庄严的吗”，“不是庄严，是像爱祖国一样爱你，绵长悠久，休戚相关”。','2019-11-27','土味情话'),(765,'谁问去往你心里的路该怎么走','2019-11-27','土味情话'),(766,'你的所言所行，全都閃爍着光芒，太過刺目，於是我閉上雙眼，但內心還是無法停止對你的憧憬。','2019-11-27','土味情话'),(767,'跟我在一起吧，行就行，不行我就再想办法。','2019-11-27','土味情话'),(768,'你们那边家乡话的我喜欢你怎么说？','2019-11-27','土味情话'),(769,'想说些漂亮的话哄你，但想来想去最漂亮的只有你。','2019-11-27','土味情话'),(770,'让我陪你去看匆匆人海，听平凡一生','2019-11-27','土味情话'),(771,'你是我安稳岁月里的节外生枝。','2019-11-27','彩虹屁'),(772,'如果一千个人从我身边走过，我也可以听出你的脚步声，因为九百九十九个人都只是踩在地上，只有你踏在我心上。','2019-11-27','土味情话'),(773,'我手上划了一道口子你也划一条吧 这样咱俩就是两口子了','2019-11-27','土味情话'),(774,'要是难过能跟眼泪一起流出来就好了。','2019-11-27','土味情话'),(775,'我发觉你今天有点怪，怪好看的。','2019-11-27','土味情话'),(776,'我寻了半生的春天，你一笑便是了。','2019-11-27','土味情话'),(777,'剑未佩妥，出门已是江湖；酒尚余温，入口不识乾坤；千帆过尽，愿您归来仍是少年。','2019-11-27','土味情话'),(778,'所爱隔山海，山海皆可平。','2019-11-27','土味情话'),(779,'你这种人，我除了恋爱跟你也没什么好谈的。','2019-11-27','土味情话'),(780,'他们说这个世界上海最深邃，干净又透明，我想那是他们没见过你的眼睛。','2019-11-27','土味情话'),(781,'你来时冬至，但眉上风止','2019-11-27','土味情话'),(782,'愿你的欢乐与岁月无关，愿你天黑有灯，下雨有伞。','2019-11-27','土味情话'),(783,'你不知道在遇见你之前，我的世界天天都有雾霾，遇到你以后，他变得晴空万里','2019-11-27','土味情话'),(784,'做什么都十拿九稳，就差你一吻','2019-11-27','土味情话'),(785,'你像一个人 ，我的人','2019-11-27','土味情话'),(786,'我想问一条路 到你心里的路','2019-11-27','土味情话'),(787,'如果你来了 春天就可以 不用来了','2019-11-27','彩虹屁'),(788,'后来，除了梦以外的地方我就没有见过你了。','2019-11-27','土味情话'),(789,'我有个九个亿的项目想跟你单独谈谈。','2019-11-27','土味情话'),(790,'苦海无涯，回… 回头是我呀。','2019-11-27','土味情话'),(791,'人的一生会遇到许许多多的人，很幸运我遇到了你。','2019-11-27','土味情话'),(792,'你有遇到让你哭笑不得的 事吗？哭也得不到你，笑也得不到你。','2019-11-27','土味情话'),(793,'我给你的备注是“一行”，因为干一行爱一行。','2019-11-27','土味情话'),(794,'你知道五氧化二磷被氧化前是什么样子嘛，什么样子？五二磷。','2019-11-27','土味情话'),(795,'前世旧约终究抵不过一碗汤。','2019-11-27','土味情话'),(796,'你今天有点怪吖！怎么怪？怪可爱的吖！','2019-11-27','土味情话'),(797,'我用一千次回眸换得今生在你面前的驻足停留。','2019-11-27','土味情话'),(798,'你的笑容没有酒，我却醉的像条狗','2019-11-27','土味情话'),(799,'在这善变的人世间，我想和你看一看永远','2019-11-27','彩虹屁'),(800,'大年三十晚上的鞭炮再响，也没有我想你那么想','2019-11-27','土味情话'),(801,'每天每天你让别人看见你，我却看不见你，这是全然没有理由的。','2019-11-27','土味情话'),(802,'你妈没教过你什么是礼尚往来吗？我喜欢你你必须嫁给我','2019-11-27','土味情话'),(803,'我不喜欢喝酒，除了和你的天长地久','2019-11-27','土味情话'),(804,'不要让别人喊我喊逗比，那是只属于你的专属。','2019-11-27','土味情话'),(805,'我实在是个坏人，但作为你的朋友的我，却确实是在努力着学做好人。','2019-11-27','土味情话'),(806,'我爱你也许并不为什么理由，虽然可以有理由，例如你聪明，你纯洁，你可爱，你是好人等，但主要的原因大概是你全然适合我的趣味。因此你仍知道我是自私的，故不用感激我。','2019-11-27','土味情话'),(807,'我这个人没什么毅力，做事经常半途而废。唯独喜欢你这件事，我从第一次遇见你，一直坚持到了现在。','2019-11-27','土味情话'),(808,'秋天该很好，你若尚在场，秋风即使带凉，亦漂亮。','2019-11-27','土味情话'),(809,'给你一支口红，以后每天还我一点就好了','2019-11-27','土味情话'),(810,'现在几点了？是我们幸福的起点。','2019-11-27','土味情话'),(811,'想牵你的手，从心动，到古稀，到尽头','2019-11-27','彩虹屁'),(812,'我愿意舍弃一切，以想念你终此一生。','2019-11-27','土味情话'),(813,'是福不是祸，是你老婆躲不过。','2019-11-27','土味情话'),(814,'找到一个比你更重要的人真的是太难了','2019-11-27','土味情话'),(815,'你来我信你不会走，你走我当你没来过——《失恋33天》','2019-11-27','土味情话'),(816,'我说我这里下雨了 你告诉我你那里是晴天呢 上一次我们的天气刚好相反 什么时候能和你在同一片天空下，有一样的天气呢？','2019-11-27','土味情话'),(817,'你是年少的欢喜，喜欢的少年是你','2019-11-27','土味情话'),(818,'我不很快乐，因为你不很爱我。但所谓不很快乐者，并不等于不快乐，正如不很爱我不等于不爱我一样。','2019-11-27','土味情话'),(819,'螃蟹在剥我的壳，笔记本在写我，漫天的我落在枫叶上雪花上，而你在想我。','2019-11-27','土味情话'),(820,'你是我最想和全世界炫耀却又最舍不得和别人分享的人','2019-11-27','土味情话'),(821,'你是我故事里的一往情深。','2019-11-27','土味情话'),(822,'我生在南方，活在南方，栽在你手里，总算是去过不一样的地方。','2019-11-27','土味情话'),(823,'你不用多好，我喜欢你就好，我没有很好，你不嫌弃就好。','2019-11-27','土味情话'),(824,'人海茫茫，路途遥遥，汹涌人潮里，遇见你真好','2019-11-27','彩虹屁'),(825,'我想去取一下东西，你等一下，我来娶你了。','2019-11-27','土味情话'),(826,'小猪佩奇，我配你。','2019-11-27','土味情话'),(827,'真不知道那些让你不痛快的人怎么想的，你是我的心头宝，怎么在他们那里是颗草','2019-11-27','土味情话'),(828,'你眼瞎吗？撞在我的心口上了。','2019-11-27','土味情话'),(829,'推荐一个0卡又很甜的零食，我的嘴巴','2019-11-27','土味情话'),(830,'情不知所起，一往而深。','2019-11-27','土味情话'),(831,'总之你是非常好非常好的，我活了二十多岁，对于人生的探讨的结果，就只有这一句结论，其他的一切都否定了。当然我爱你。','2019-11-27','土味情话'),(832,'倘若不是日有所思，哪里来的夜长梦多啊。 ​​​​','2019-11-27','土味情话'),(833,'你的嘴真好看，特别适合说我爱你。','2019-11-27','土味情话'),(834,'希望与你相识在冬天，过了一个春夏，秋天你一定要来。','2019-11-27','土味情话'),(835,'初逢不知人如玉，再逢已是意中人','2019-11-27','彩虹屁'),(836,'希望你快快地爱上一个人，让那个人欺负你，如同你欺负我一样。','2019-11-27','土味情话'),(837,'妙语连珠是猎物，支支吾吾是喜欢。','2019-11-27','土味情话'),(838,'你是可爱的男孩，我是可爱。','2019-11-27','土味情话'),(839,'如果可以的话请让我把你打到骨折，这样我就可以赔你一辈子了。','2019-11-27','土味情话'),(840,'记得在书上曾经看到过，往左边侧着睡是不对的睡法，因为压迫心脏，容易做恶梦，不过后来我经常这样侧着睡，不是因为我不会做噩梦，而是每次这样的梦里都有你。','2019-11-27','土味情话'),(841,'我身体很好，可以扛米袋子，扛煤气罐，可就是扛不住想你。','2019-11-27','土味情话'),(842,'我找到了你，便像是找到了我真的自己。如果没有你，即使我爱了一百个人，或有一百个人爱我，我的灵魂也仍将永远彷徨着。你是 unique（独一无二）的。我将永远永远多么多么的欢喜你。','2019-11-27','土味情话'),(843,'惊鸿只一瞥，爱到死方休。','2019-11-27','土味情话'),(844,'爱人，一定要适合的，因为那是一辈子相互扶持的柴米油盐。','2019-11-27','土味情话'),(845,'你是我患得患失的梦，我是你可有可无的人。','2019-11-27','土味情话'),(846,'天气不够好没关系，你够好就行啦','2019-11-27','彩虹屁'),(847,'想把你悄咪咪的藏起来，你只能是我一个人的喜欢，又在为数不多的时候想把你展现给所有人，告诉他们，这是我的。','2019-11-27','土味情话'),(848,'我爱你就是这样的不讲道理','2019-11-27','土味情话'),(849,'我想去你的城市，想吹你吹的风，想呼吸你呼吸的空气，想走你走的路，想看你生活的风景，想感受你四周的温度，想拥抱你。','2019-11-27','土味情话'),(850,'你知道我喜欢吃什么吗？痴痴地望着你','2019-11-27','土味情话'),(851,'这是弓箭，这是火箭，你是我的甜蜜饯。','2019-11-27','土味情话'),(852,'你猜我的心在哪边？左边？错了，在你那边。','2019-11-27','土味情话'),(853,'我见过的最美的春天，是你穿过人群找到我的那个四月。','2019-11-27','土味情话'),(854,'所谓现在活着，是鸟儿展翅，是海涛汹涌，是蜗牛爬行，是人在相爱，是你的手温，是生命。','2019-11-27','彩虹屁'),(855,'这是手心，这是笔芯，你是我的小甜心。','2019-11-27','土味情话'),(856,'你给我的备注是什么啊？” “一行。” “为什么啊？” “因为干一行，爱一行','2019-11-27','土味情话'),(857,'幸福是什么，幸福就是牵着一双想牵的手，一起走过繁华喧嚣，一起守候寂寞孤独；就是陪着一个想陪的人，高兴时一起笑，伤悲时一起哭；就是拥有一颗想拥有的心，重复无聊的日子不乏味，做着相同的事情不枯燥，只要我们心中有爱，我们就会幸福，幸福就在当初的承诺中，就在今后的梦想里。','2019-11-27','土味情话'),(858,'没有树的地方是沙漠，没有你的地方是寂寞。','2019-11-27','土味情话'),(859,'像星星燃烧天空，像花坠落在春天，像大雪覆盖冬天。你也这样，点亮了我所有的世界','2019-11-28','彩虹屁'),(860,'这世上最难堪的事不是他不爱你，而是他说很爱很爱你，最后却轻易地放弃了你。','2019-11-28','土味情话'),(861,'遇到你之前，我没有想过要结婚；遇到你之后，结婚没想过要和别人。','2019-11-28','土味情话'),(862,'你猜我喜欢什么制服，被你制服。','2019-11-28','土味情话'),(863,'有生之年 狭路相逢 终不能幸免 ​​​​','2019-11-28','土味情话'),(864,'谁能错过你这么好的仙女呢？如果错过，不如自杀。','2019-11-29','彩虹屁'),(865,'（嗅嗅）你一来空气都变甜了呢','2019-11-29','土味情话'),(866,'猪撞树上了，你撞我心里了。','2019-11-29','土味情话'),(867,'她再也没有对我说过晚安，我的失眠也再没好过。','2019-11-29','土味情话'),(868,'而对一个人纠结，就是喜欢一个人的开始。','2019-11-29','土味情话'),(869,'想试试我的草莓味唇膏吗？','2019-11-29','土味情话'),(870,'你可以帮我个忙么？什么忙？帮忙快点爱上我。','2019-11-29','土味情话'),(871,'本是青灯不归客，却因浊酒流风尘','2019-11-29','土味情话'),(872,'我是9你是3，除了你还是你','2019-11-29','土味情话'),(873,'做你自己，我来爱你。','2019-11-29','土味情话'),(874,'你是我跑完五千米，还想拥抱的人；','2019-11-30','土味情话'),(875,'生活很苦，眼泪很咸；生活很苦，但你很甜','2019-11-30','土味情话'),(876,'三十晚上的鞭炮再响，都没有我想你那么想。','2019-11-30','土味情话'),(877,'我将永远忠于自己，披星戴月奔向理想和你。','2019-12-01','彩虹屁'),(878,'你要记得每个小时想我两秒钟哦','2019-12-01','土味情话'),(879,'我的酒量大概就是一打啤酒或者半斤白酒，再或者你的四两微笑。','2019-12-01','土味情话'),(880,'对不起 我接受不了网恋 虚无缥缈的东西没办法给我带来安全感 猜忌和怀疑是深夜流泪的根源 我要稳稳的幸福 一伸手就能触碰的那种 但看到你这张照片我就知道：我能接受','2019-12-02','彩虹屁'),(881,'你牵动了我心脏的每个部分','2019-12-02','土味情话'),(882,'我好香，你要不要抱一下','2019-12-02','土味情话'),(883,'所爱隔山海，山海皆可平。','2019-12-02','土味情话'),(884,'天空飘来五个字，爱你不是事儿。','2019-12-02','土味情话'),(885,'你们那边家乡话的我喜欢你怎么说？','2019-12-02','土味情话'),(886,'我发现昨天很喜欢你，今天也很喜欢你，而且有预感明天也会喜欢你。','2019-12-02','土味情话'),(887,'你喜欢大海，我爱过你。','2019-12-02','土味情话'),(888,'我喜欢睡觉，不是因为困，也不是想休息，只是因为我只有梦里才能见到你','2019-12-02','土味情话'),(889,'前天是小鹿，昨天是小兔，今天是你','2019-12-02','土味情话'),(890,'大年三十晚上的鞭炮再响，也没有我想你那么想','2019-12-02','土味情话'),(891,'坏男人渣一阵子，好男人渣一辈子','2019-12-02','土味情话'),(892,'你别对我笑，我怕以后得不到，又忘不掉。','2019-12-02','土味情话'),(893,'我想买一块地。”“什么地”“你的死心塌地。”','2019-12-02','土味情话'),(894,'希望你快快地爱上一个人，让那个人欺负你，如同你欺负我一样。','2019-12-02','土味情话'),(895,'你是我故事里的一往情深。','2019-12-02','土味情话'),(896,'曾经我自诩半个诗人，见山是深情伟岸，见海是热情澎湃，见花见草信他们皆有故事，云海江潮，虫鸣鸟啼都暗藏情愫。唯独见了你，山川沉默，海面静谧，云海不再翻涌，江潮不再澎湃，花鸟鱼虫被光与尘凝固，世界万籁俱寂，只剩下你。','2019-12-02','土味情话'),(897,'石头和你脑袋碰在一起谁痛？当然我的头痛了，不，是我心痛。','2019-12-02','土味情话'),(898,'已经过了耳听爱情的年纪，只想找一份喧闹中的安静。','2019-12-02','土味情话'),(899,'你辛苦归辛苦，什么时候有空嫁给我。','2019-12-02','土味情话'),(900,'你今天能不能不洗澡，为什么？因为最近流行吃脏脏包。','2019-12-02','土味情话'),(901,'我愿将我余生燃烧，暖你未来的路。','2019-12-02','土味情话'),(902,'我不担心时光流逝，只因我坚信有你的日子将会越来越幸福，只到未来的某一天你我携手离开人世，我们的幸福将会达到巅峰。','2019-12-02','土味情话'),(903,'我说我这里下雨了 你告诉我你那里是晴天呢 上一次我们的天气刚好相反 什么时候能和你在同一片天空下，有一样的天气呢？','2019-12-02','土味情话'),(904,'要是世上只有我们两个人多么好，我一定要把你欺负得哭不出来。','2019-12-02','土味情话'),(905,'我不知道该说什么，只是突然在这一刻很想你。','2019-12-02','土味情话'),(906,'我不喜欢喝酒，除了和你的天长地久','2019-12-02','土味情话'),(907,'你喜欢喝水吗？那你已经喜欢上70%的我了。','2019-12-02','土味情话'),(908,'动了情的小猪也会爬树喔','2019-12-02','土味情话'),(909,'我怀疑你的本质是一本书，不然为什么让我越看越想睡。','2019-12-02','土味情话'),(910,'你可以笑一个吗？为什么呀？因为我的咖啡忘记加糖了。','2019-12-02','土味情话'),(911,'思念如白马，自别离，未停蹄','2019-12-02','土味情话'),(912,'是福不是祸，是你老婆躲不过。','2019-12-02','土味情话'),(913,'你上过非诚勿扰？不然为什么这么像我的心动女生','2019-12-02','土味情话'),(914,'我不很快乐，因为你不很爱我。但所谓不很快乐者，并不等于不快乐，正如不很爱我不等于不爱我一样。','2019-12-02','土味情话'),(915,'某年、某月、某日，晴，我在从前等你…… 时光如梦，恍然离下；朝花夕拾，尽是枯萎。从前，我爱你、现在、将来初心依然！','2019-12-02','土味情话'),(916,'不要让别人喊我喊逗比，那是只属于你的专属。','2019-12-02','土味情话'),(917,'我生在南方，活在南方，栽在你手里，总算是去过不一样的地方。','2019-12-02','土味情话'),(918,'你的所言所行，全都閃爍着光芒，太過刺目，於是我閉上雙眼，但內心還是無法停止對你的憧憬。','2019-12-02','土味情话'),(919,'这是西服，这是迷彩服，你是我的小幸福。','2019-12-02','土味情话'),(920,'我想去你的城市，想吹你吹的风，想呼吸你呼吸的空气，想走你走的路，想看你生活的风景，想感受你四周的温度，想拥抱你。','2019-12-02','土味情话'),(921,'你会弹吉他吗？为什么拨动了我的心弦','2019-12-02','土味情话'),(922,'虽然你没有我前女友漂亮 但我一见到你就有种想跟你定下来的感觉','2019-12-02','土味情话'),(923,'你知道你和猴子什么区别吗” “一个住在山洞，一个住在我心里”','2019-12-02','土味情话'),(924,'“你今天早上是不是很累？”“你怎么知道？”“因为你昨天晚上一直在我心里跑来跑去啊。”','2019-12-02','土味情话'),(925,'你的笑容没有酒，我却醉的像条狗','2019-12-02','土味情话'),(926,'剑未佩妥，出门已是江湖；酒尚余温，入口不识乾坤；千帆过尽，愿您归来仍是少年。','2019-12-02','土味情话'),(927,'如果你不怕麻烦的话，可以麻烦喜欢我一下吗？','2019-12-02','土味情话'),(928,'希望你要做一个披荆斩棘无所不能的女英雄，直到遇见一个能托付一生的人，再做一个瓶盖都拧不开的小公主。','2019-12-02','土味情话'),(929,'她再也没有对我说过晚安，我的失眠也再没好过。','2019-12-02','土味情话'),(930,'疏窗细雨，夜夜孤灯。','2019-12-02','土味情话'),(931,'只要一想到你，就拥有了柳暗花明的勇气和信心，想来想去，原来你就是我的底气','2019-12-03','彩虹屁'),(932,'我还是爱你，就像风走了八万里，不问归期。','2019-12-03','土味情话'),(933,'你知道我喜欢吃什么吗？痴痴地望着你','2019-12-03','土味情话'),(934,'生活很苦，眼泪很咸；生活很苦，但你很甜','2019-12-03','土味情话'),(935,'我可以称呼你为您吗？这样我就可以把你放在心上了','2019-12-03','土味情话'),(936,'我想和你见面，地点你选，森林、沙漠、世界尽头的星空，草原、海边、清晨大雾的胡同，只要别在梦中。','2019-12-03','土味情话'),(937,'总之你是非常好非常好的，我活了二十多岁，对于人生的探讨的结果，就只有这一句结论，其他的一切都否定了。当然我爱你。','2019-12-03','土味情话'),(938,'“520，我爱你”，“不对，是我爱您”，“要这么庄严的吗”，“不是庄严，是像爱祖国一样爱你，绵长悠久，休戚相关”。','2019-12-03','土味情话'),(939,'你知道你和星星有什么区别吗？那就是星星在天上，而你在我心里','2019-12-03','土味情话'),(940,'你妈没教过你什么是礼尚往来吗？我喜欢你你必须嫁给我','2019-12-03','土味情话'),(941,'甜有一百种方式，吃糖和99次想你。','2019-12-03','土味情话'),(942,'天蓝蓝的云白白的都很可爱，就像捧着草莓味的冰淇淋圣代，吧唧吧唧吃着的我。','2019-12-03','土味情话'),(943,'你闻到什么味道了吗？没有啊，怎么你一出来空气都是甜的了。','2019-12-03','土味情话'),(944,'喜欢被宠，如果哪天我过得好好的突然不小心被人宠死的话，我也一点意见都没有。','2019-12-03','土味情话'),(945,'你是我的玫瑰你是我的花，小鸟的情话只给您夸。','2019-12-03','土味情话'),(946,'我以前喜欢吃肉，但今天看到你我决定开始吃素，因为，你是我的菜。','2019-12-03','土味情话'),(947,'我很喜欢现在的我，和你一别两宽后的我。','2019-12-03','土味情话'),(948,'不要愁老之将至，你老了一定很可爱。而且，假如你老了十岁，我当然也同样老了十岁，世界也老了十岁，上帝也老了十岁，一切都是一样。','2019-12-03','土味情话'),(949,'让我陪你去看匆匆人海，听平凡一生','2019-12-03','土味情话'),(950,'你不用担心，我会帮你搞定我妈。','2019-12-03','土味情话'),(951,'哪有什么突然想起，只是一直放在心里。','2019-12-03','土味情话'),(952,'你来我信你不会走，你走我当你没来过——《失恋33天》','2019-12-03','土味情话'),(953,'只有你好像和所有的人完全不同，也许你不会知道，我和你在一起时较之和别人在一起时要活泼得多。与举世绝缘的我，只有你能在我身上引起感应。','2019-12-03','土味情话'),(954,'你在我的人生是可遇而不可求，正因为如此我会加倍把你珍惜，我担心错过你将会遇不到比你更好的女人。','2019-12-03','土味情话'),(955,'我用一千次回眸换得今生在你面前的驻足停留。','2019-12-03','土味情话'),(956,'你不用多好，我喜欢你就好，我没有很好，你不嫌弃就好。','2019-12-03','土味情话'),(957,'今天的天空是淡山茱萸粉的颜色，就像初次见你时，你的笑是我不曾见过的世外桃源','2019-12-03','土味情话'),(958,'有生之年 狭路相逢 终不能幸免 ​​​​','2019-12-03','土味情话'),(959,'选择了你，就要坚持到死','2019-12-03','土味情话'),(960,'小猪佩奇，我配你。','2019-12-03','土味情话'),(961,'最近都忙着学雷锋呢，你也做个好事帮我洗个东西吧，洗欢我','2019-12-03','土味情话'),(962,'我听过最暖心的一句情话是：“你不用刻意去改变自己，我来适应你就好了。”','2019-12-03','土味情话'),(963,'我是9你是3，除了你还是你','2019-12-03','土味情话'),(964,'正在播放《我又失眠了》','2019-12-03','土味情话'),(965,'用我的晚安陪你吃早餐 ','2019-12-03','土味情话'),(966,'不好意思，刚我对其他人动了心，因为她，很像你','2019-12-03','土味情话'),(967,'莫文蔚的阴天，孙燕姿的雨天，周杰伦的晴天，都不如你和我聊天。','2019-12-03','土味情话'),(968,'如果不是因为这世界有些古怪，我巴不得永远和你厮守在一起。','2019-12-03','土味情话'),(969,'你是我不及的梦。','2019-12-03','土味情话'),(970,'“我是可爱的女孩子。”“嗯？”“你是可爱啊。”','2019-12-03','土味情话'),(971,'我发现昨天很喜欢你，今天也很喜欢你，而且有预感每天也会很喜欢你。','2019-12-03','土味情话'),(972,'佛说：前世五百次回眸，才能换来今生的擦肩而过。如果真是如此，那我愿意用下辈子，下下辈子，下下下辈子的时间，再次换来与你相遇、相知、相爱！','2019-12-03','土味情话'),(973,'他们说 青山是否多妩媚 还需得看青山是谁 ，可我摇头 ，我见众生皆草木 ，唯你是青山','2019-12-04','彩虹屁'),(974,'我一天一天明白你的平凡，同时却一天一天愈更深切地爱你。你如照镜子，你不会看得见你特别好的所在，但你如走进我的心里来时，你一定能知道自己是怎样好法。','2019-12-04','土味情话'),(975,'我从未拥有过你一秒钟，心里却失去过你千万次。','2019-12-04','土味情话'),(976,'可能人生的旅程就是在不断发现问题-解决问题-发现问题-解决问题。 ','2019-12-04','土味情话'),(977,'你有没有看见过某个笑容，让你想倾尽所有去守护。','2019-12-04','土味情话'),(978,'你就像破晓的那一束光，驱散了笼罩我的黑夜，至此，光芒万丈','2019-12-04','土味情话'),(979,'我想要去看一看你下辈子的命簿，看你下辈子娶到哪家，我便投胎到那家。','2019-12-04','土味情话'),(980,'从遇见你的那一天起，我所走的每一步都是为了更接近你。','2019-12-04','土味情话'),(981,'（嗅嗅）你一来空气都变甜了呢','2019-12-04','土味情话'),(982,'我手上划了一道口子你也划一条吧 这样咱俩就是两口子了','2019-12-04','土味情话'),(983,'我解过那么多数学题，可是我却解不开你的。','2019-12-04','土味情话'),(984,'我最近没有偷偷减肥哦，但是体重却下降了，因为我的心跑你那去了','2019-12-04','土味情话'),(985,'做什么都十拿九稳，就差你一吻','2019-12-04','土味情话'),(986,'你是往日的情书，是日落的余情未了，是路人脚下不停生长的风，也是我喜欢的人。','2019-12-04','土味情话'),(987,'关于想你这件事，躲得过对酒当歌的夜，躲不过四下无人的街。','2019-12-04','土味情话'),(988,'想把你悄咪咪的藏起来，你只能是我一个人的喜欢，又在为数不多的时候想把你展现给所有人，告诉他们，这是我的。','2019-12-04','土味情话'),(989,'这是弓箭，这是火箭，你是我的甜蜜饯。','2019-12-04','土味情话'),(990,'世间有一万种巧合让我心动，你占九千七，余下三百皆弱水，我偏不取。','2019-12-04','土味情话'),(991,'三十晚上的鞭炮再响，都没有我想你那么想。','2019-12-04','土味情话'),(992,'长话短说，爱我。','2019-12-04','土味情话'),(993,'你是我的一切，而别人只不过是从我生命边上轻轻擦过的路人','2019-12-04','土味情话'),(994,'我想去个地方什么地方？去你心里！','2019-12-04','土味情话'),(995,'我想问一条路 到你心里的路','2019-12-04','土味情话'),(996,'爱人，一定要适合的，因为那是一辈子相互扶持的柴米油盐。','2019-12-04','土味情话'),(997,'有时候，我宁愿享受寂寞，一杯茶、一本书、一段音乐… 那也是一次完美自我的历练，有时候，我也想醉，醉了才动心底的情，醉了才说想说的话… 说到底，我就是普通的女人，偶尔爱做美梦的女人。','2019-12-04','土味情话'),(998,'“三十岁是个坎？意思是过了30一切就好起来了是吧？”“意思是过了30岁，生活就结束前戏，开始狠狠操你了。”','2019-12-04','土味情话'),(999,'我是九你是三，除了你还是你。','2019-12-04','土味情话'),(1000,'面对你，我不仅善解人意，我还善解人衣。','2019-12-04','土味情话'),(1001,'见什么世面，见见你就好了。','2019-12-04','土味情话'),(1002,'你是不是喜欢我” 找到这句话的重复字','2019-12-04','土味情话'),(1003,'我从不后悔一直喜欢你，那些孤独枯燥的时光岁月，因为你而变得温柔。','2019-12-04','土味情话'),(1004,'妙语连珠是猎物，支支吾吾是喜欢。','2019-12-04','土味情话'),(1005,'真希望你有读心术，一眼就能看穿我的心思。','2019-12-04','土味情话'),(1006,'我想你的时候阳光空气都很好。','2019-12-04','土味情话'),(1007,'如果有一天你被困在了一个红色的房子里，那里没有窗也没有门，别怕，那是在我心里.','2019-12-04','土味情话'),(1008,'不须耳鬓常厮伴，一笑低头意已倾','2019-12-04','土味情话'),(1009,'假如有一天你想哭，打给我，不能保证逗你笑，但我能陪着你一起哭；假如有一天你想逃跑，打给我，不能说服你留下，但我会陪着你一起逃。','2019-12-04','土味情话'),(1010,'你闻到空气中有烧焦的味道吗？那是我的心在为你燃烧','2019-12-04','土味情话'),(1011,'既然你已经把我的心弄乱了，那么你准备什么时候来弄乱我的床','2019-12-04','土味情话'),(1012,'我对你的爱就像拖拉机，轰轰烈烈','2019-12-04','土味情话'),(1013,'晓看天色暮看云，行也思君，坐也思君','2019-12-04','土味情话'),(1014,'和你在一起的时候，不想有皎洁的月光，路灯最好也不要亮，巴不得整个世界都暗一点，这样才敢吻上你的脸。','2019-12-05','彩虹屁'),(1015,'我发现昨天很喜欢你，今天也很喜欢你，而且有预感明天也会喜欢你。','2019-12-05','土味情话'),(1016,'情不知所起，一往而深。','2019-12-05','土味情话'),(1017,'曾经我自诩半个诗人，见山是深情伟岸，见海是热情澎湃，见花见草信他们皆有故事，云海江潮，虫鸣鸟啼都暗藏情愫。唯独见了你，山川沉默，海面静谧，云海不再翻涌，江潮不再澎湃，花鸟鱼虫被光与尘凝固，世界万籁俱寂，只剩下你。','2019-12-05','土味情话'),(1018,'“我是可爱的女孩子。”“嗯？”“你是可爱啊。”','2019-12-05','土味情话'),(1019,'生活很苦，眼泪很咸；生活很苦，但你很甜','2019-12-05','土味情话'),(1020,'不须耳鬓常厮伴，一笑低头意已倾','2019-12-05','土味情话'),(1021,'推荐一个0卡又很甜的零食，我的嘴巴','2019-12-05','土味情话'),(1022,'你猜我的心在哪边？左边？错了，在你那边。','2019-12-05','土味情话'),(1023,'如果有一天你被困在了一个红色的房子里，那里没有窗也没有门，别怕，那是在我心里.','2019-12-05','土味情话'),(1024,'没有树的地方是沙漠，没有你的地方是寂寞。','2019-12-05','土味情话'),(1025,'喜欢被宠，如果哪天我过得好好的突然不小心被人宠死的话，我也一点意见都没有。','2019-12-05','土味情话'),(1026,'苦海无涯，回… 回头是我呀。','2019-12-05','土味情话'),(1027,'所爱隔山海，山海皆可平。','2019-12-05','土味情话'),(1028,'我觉得你有点怪，怪可爱的。','2019-12-05','土味情话'),(1029,'我想你的时候阳光空气都很好。','2019-12-05','土味情话'),(1030,'我觉得你特像一款游戏，我的世界。','2019-12-05','土味情话'),(1031,'要不要来谈个恋爱啊，二缺一','2019-12-05','土味情话'),(1032,'我想在你这里买一块地。什么地？我对你的死心塌地。','2019-12-05','土味情话'),(1033,'你今天有点怪吖！怎么怪？怪可爱的吖！','2019-12-05','土味情话'),(1034,'做腻了可爱的女孩子，我有点想做你的太太。','2019-12-05','土味情话'),(1035,'只愿君心似我心 ​​​​','2019-12-05','土味情话'),(1036,'●━━━━━━─────── 5:20    ','2019-12-05','土味情话'),(1037,'你不用担心，我会帮你搞定我妈。','2019-12-05','土味情话'),(1038,'当裤子失去了裤带，才懂得什么叫依赖','2019-12-05','土味情话'),(1039,'我看过很多书，但都没有你好看。','2019-12-05','土味情话'),(1040,'要是难过能跟眼泪一起流出来就好了。','2019-12-05','土味情话'),(1041,'有人说，如果你在冬天遇到喜欢的人，他可以把你的冬天变成春天。','2019-12-05','土味情话'),(1042,'我以前喜欢吃肉，但今天看到你我决定开始吃素，因为，你是我的菜。','2019-12-05','土味情话'),(1043,'我喜欢睡觉，不是因为困，也不是想休息，只是因为我只有梦里才能见到你','2019-12-05','土味情话'),(1044,'你身体里的每一个原子都来自一颗爆炸了的恒星，你左手的原子与右手的原子也许来自不同的恒星。这实在是我所知道的物理中最富诗意的东西:你的一切都是星尘……因此，忘掉耶稣吧，星星都死去了，你今天才能在这里','2019-12-05','土味情话'),(1045,'我寻了半生的春天，你一笑便是了。','2019-12-05','土味情话'),(1046,'有时候，我宁愿享受寂寞，一杯茶、一本书、一段音乐… 那也是一次完美自我的历练，有时候，我也想醉，醉了才动心底的情，醉了才说想说的话… 说到底，我就是普通的女人，偶尔爱做美梦的女人。','2019-12-05','土味情话'),(1047,'我从不后悔一直喜欢你，那些孤独枯燥的时光岁月，因为你而变得温柔。','2019-12-05','土味情话'),(1048,'既然你已经把我的心弄乱了，那么你准备什么时候来弄乱我的床','2019-12-05','土味情话'),(1049,'最近有谣言说我喜欢你，我要澄清一下，那不是谣言。','2019-12-05','土味情话'),(1050,'莺莺燕燕，不过浮生一梦。遗世独立，不如烂醉花间。','2019-12-05','土味情话'),(1051,'我们之间没有惊天动地的虐恋情深，但我有一颗真心，满满的全是你。','2019-12-05','土味情话'),(1052,'哪有什么突然想起，只是一直放在心里。','2019-12-05','土味情话'),(1053,'我愿将我余生燃烧，暖你未来的路。','2019-12-05','土味情话'),(1054,'因为喜欢，所以会介意很多事，要是不喜欢，就不会生那么多气了。','2019-12-05','土味情话'),(1055,'三十晚上的鞭炮再响，都没有我想你那么想。','2019-12-05','土味情话'),(1056,'要是世上只有我们两个人多么好，我一定要把你欺负得哭不出来。','2019-12-05','土味情话'),(1057,'现在几点了？是我们幸福的起点。','2019-12-05','土味情话'),(1058,'莫文蔚的阴天，孙燕姿的雨天，周杰伦的晴天，都不如你和我聊天。','2019-12-05','土味情话'),(1059,'这一世，你是冰冷的永磁体，而我是你沟通世界的两极，纵你已粉身碎骨，我亦不离不弃……','2019-12-05','土味情话'),(1060,'你露出笑容的话，那么我也是一样笑着的吧……♪','2019-12-05','土味情话'),(1061,'你喜欢喝水吗？那你已经喜欢上70%的我了。','2019-12-05','土味情话'),(1062,'我这个人没什么毅力，做事经常半途而废。唯独喜欢你这件事，我从第一次遇见你，一直坚持到了现在。','2019-12-05','土味情话'),(1063,'我发现昨天很喜欢你，今天也很喜欢你，而且有预感每天也会很喜欢你。','2019-12-05','土味情话'),(1064,'有些事情在遇见你的时候就决定了，比如：我喜欢你~','2019-12-05','土味情话'),(1065,'你的眸中有山川河流 胜过我行经路上的一切不朽','2019-12-06','彩虹屁'),(1066,'我从未拥有过你一秒钟，心里却失去过你千万次。','2019-12-06','土味情话'),(1067,'你的所言所行，全都閃爍着光芒，太過刺目，於是我閉上雙眼，但內心還是無法停止對你的憧憬。','2019-12-06','土味情话'),(1068,'你要记得每个小时想我两秒钟哦','2019-12-06','土味情话'),(1069,'记得在书上曾经看到过，往左边侧着睡是不对的睡法，因为压迫心脏，容易做恶梦，不过后来我经常这样侧着睡，不是因为我不会做噩梦，而是每次这样的梦里都有你。','2019-12-06','土味情话'),(1070,'这是车票，这是发票，你是我最最最可爱的女票。','2019-12-06','土味情话'),(1071,'猜猜我的心在哪边？左边错了，在你那边。','2019-12-06','土味情话'),(1072,'我是你的什么,你是我的QQ啊.','2019-12-06','土味情话'),(1073,'等了那么久，你可算来了','2019-12-06','土味情话'),(1074,'在所有的道别里，还是最喜欢明天见。','2019-12-06','土味情话'),(1075,'你可以帮我个忙么？什么忙？帮忙快点爱上我。','2019-12-06','土味情话'),(1076,'你知道你和星星有什么区别吗？星星在天上，你在我心里','2019-12-06','土味情话'),(1077,'今天的天空是淡山茱萸粉的颜色，就像初次见你时，你的笑是我不曾见过的世外桃源','2019-12-06','土味情话'),(1078,'已经过了耳听爱情的年纪，只想找一份喧闹中的安静。','2019-12-06','土味情话'),(1079,'她再也没有对我说过晚安，我的失眠也再没好过。','2019-12-06','土味情话'),(1080,'你能不能别说话了。”“我没有啊。”“那为什么我满脑子都是你的声音','2019-12-06','土味情话'),(1081,'别让我看见你，不然我见你一次，就喜欢你一次。','2019-12-06','土味情话'),(1082,'晓看天色暮看云，行也思君，坐也思君。','2019-12-06','土味情话'),(1083,'你像一个人 ，我的人','2019-12-06','土味情话'),(1084,'晓看天色，暮看云，坐也思君，行也思君','2019-12-06','土味情话'),(1085,'我对你的喜欢就像手扶拖拉机上山，轰轰烈烈。','2019-12-06','土味情话'),(1086,'爱人，一定要适合的，因为那是一辈子相互扶持的柴米油盐。','2019-12-06','土味情话'),(1087,'星光不问赶路人，岁月不负有心人','2019-12-06','土味情话'),(1088,'世间有一万种巧合让我心动，你占九千七，余下三百皆弱水，我偏不取。','2019-12-06','土味情话'),(1089,'喜欢却不想说，说了也不想做','2019-12-06','土味情话'),(1090,'醒来觉得甚是爱你','2019-12-06','土味情话'),(1091,'关于想你这件事，躲得过对酒当歌的夜，躲不过四下无人的街。','2019-12-06','土味情话'),(1092,'遇到你之前，我没有想过要结婚；遇到你之后，结婚没想过要和别人。','2019-12-06','土味情话'),(1093,'真不知道那些让你不痛快的人怎么想的，你是我的心头宝，怎么在他们那里是颗草','2019-12-06','土味情话'),(1094,'If you are still looking for that one person who will change you life ,take a look in the mirror.','2019-12-06','土味情话'),(1095,'东风夜放花千树，我想去你家里住','2019-12-06','土味情话'),(1096,'选择了你，就要坚持到死','2019-12-06','土味情话'),(1097,'让我陪你去看匆匆人海，听平凡一生','2019-12-06','土味情话'),(1098,'你是我不及的梦。','2019-12-06','土味情话'),(1099,'你这种人！我除了恋爱没什么和你好谈的','2019-12-06','土味情话'),(1100,'我们都是世上多余的人，但至少我们对于彼此都是世界最重要的人。','2019-12-06','土味情话'),(1101,'我想买一块地。”“什么地”“你的死心塌地。”','2019-12-06','土味情话'),(1102,'你别对我笑，我怕我得不到，又忘不掉','2019-12-06','土味情话'),(1103,'天空飘来五个字，爱你不是事儿。','2019-12-06','土味情话'),(1104,'我想和你见面，地点你选，森林、沙漠、世界尽头的星空，草原、海边、清晨大雾的胡同，只要别在梦中。','2019-12-06','土味情话'),(1105,'给你一支口红，以后每天还我一点就好了','2019-12-06','土味情话'),(1106,'一直以来，我总是依赖于你的温柔。因为和你相遇，我的梦想才能够实现。所以这次轮到我帮你实现梦想了。','2019-12-06','土味情话'),(1107,'我解过那么多数学题，可是我却解不开你的。','2019-12-06','土味情话'),(1108,'晓看天色暮看云，行也思君，坐也思君；春赏百花冬赏雪，醒也思卿，梦也思卿。','2019-12-07','彩虹屁'),(1109,'爱情是一件得体的事 ，可是爱你我从来没有分寸','2019-12-07','彩虹屁'),(1110,'我喜欢的人远在天边，近在眼前。','2019-12-07','土味情话'),(1111,'你知道五氧化二磷被氧化前是什么样子嘛，什么样子？五二磷。','2019-12-07','土味情话'),(1112,'我给你的备注是“一行”，因为干一行爱一行。','2019-12-07','土味情话'),(1113,'你可以笑一个吗？为什么呀？因为我的咖啡忘记加糖了。','2019-12-07','土味情话'),(1114,'我不想做你的盖世英雄，只想每天晚上帮你盖好被子。','2019-12-07','土味情话'),(1115,'做你自己，我来爱你。','2019-12-07','土味情话'),(1116,'你是我最想和全世界炫耀却又最舍不得和别人分享的人','2019-12-07','土味情话'),(1117,'我是九，你是三，除了你还是你。','2019-12-07','土味情话'),(1118,'知道我和唐僧什么区别吗 唐僧取经我娶你','2019-12-07','土味情话'),(1119,'前天是小鹿，昨天是小兔，今天是你','2019-12-07','土味情话'),(1120,'你喜欢我是始料未及的欢愉，你不喜欢我是万物如常的命理。','2019-12-07','土味情话'),(1121,'我好像感冒了诶，怎么办，对你一点抵抗力都没有。','2019-12-07','土味情话'),(1122,'有生之年 狭路相逢 终不能幸免 ​​​​','2019-12-07','土味情话'),(1123,'下次见面敲你一下，为什么？因为你，敲好看。','2019-12-07','土味情话'),(1124,'我怀疑你的本质是一本书，不然为什么让我越看越想睡。','2019-12-07','土味情话'),(1125,'知道你跟我在一起叫什么吗？不知道啊，那你跟我在一起不就知道了','2019-12-07','土味情话'),(1126,'你不知道在遇见你之前，我的世界天天都有雾霾，遇到你以后，他变得晴空万里','2019-12-07','土味情话'),(1127,'刚刚地震了吗？没有啊，那为什么看到你，我心头一震。','2019-12-07','土味情话'),(1128,'你是我跑完五千米，还想拥抱的人；','2019-12-07','土味情话'),(1129,'石头和你脑袋碰在一起谁痛？当然我的头痛了，不，是我心痛。','2019-12-07','土味情话'),(1130,'天蓝蓝的云白白的都很可爱，就像捧着草莓味的冰淇淋圣代，吧唧吧唧吃着的我。','2019-12-07','土味情话'),(1131,'我身体很好，可以扛米袋子，扛煤气罐，可就是扛不住想你。','2019-12-07','土味情话'),(1132,'小猪佩奇，我配你。','2019-12-07','土味情话'),(1133,'爱而不得都是渣女','2019-12-07','土味情话'),(1134,'我只愿凭这灵感的相通，带给彼此以慰藉，像流星的光辉，照耀我疲惫的梦寐，永远存一个安慰，纵然在别离时。','2019-12-07','土味情话'),(1135,'你猜我喜欢什么制服” “被你制服”','2019-12-07','土味情话'),(1136,'你喜欢大海，我爱过你。','2019-12-07','土味情话'),(1137,'本来因为噩梦不想睡觉的，可是想到万一能在梦里遇到你，我倒头就睡了，噩梦里有你就是甜甜的','2019-12-07','土味情话'),(1138,'你是往日的情书，是日落的余情未了，是路人脚下不停生长的风，也是我喜欢的人。','2019-12-07','土味情话'),(1139,'我们的性格并不完全一致，但尽有互相共鸣的地方。我们的认识虽是偶然，我们的交契却并非偶然。凭良心说，我不能不承认你在我心目中十分可爱，虽我对于你并不是盲目的赞美。我们需要的是对于彼此弱点的谅解，只有能互相谅解的人，弱点才能变得并不可靠，甚至于反是可爱也说不定。','2019-12-07','土味情话'),(1140,'你知不知道为什么我怕你？”“不知道”“因为我怕老婆','2019-12-07','土味情话'),(1141,'愿你一生被爱 一生可爱 三月拾花酿春 六月流萤染夏 十月稻陌拾秋 腊月丛中吻雪 一年四季 四季最好都赠你','2019-12-07','土味情话'),(1142,'我酒和故事都没有，只有一身孤独，我是个傻子，傻到认为你喜欢我。','2019-12-07','土味情话'),(1143,'你会弹吉他吗？为什么拨动了我的心弦','2019-12-07','土味情话'),(1144,'本是青灯不归客，却因浊酒流风尘','2019-12-07','土味情话'),(1145,'我生在南方，活在南方，栽在你手里，总算是去过不一样的地方。','2019-12-07','土味情话'),(1146,'听喜欢的人说晚安 ，就像是天上的星星掉下来跌进梦里 ，只为我一个人闪闪发亮','2019-12-08','彩虹屁'),(1147,'我不喜欢喝酒，除了和你的天长地久','2019-12-08','土味情话'),(1148,'你辛苦归辛苦，什么时候有空嫁给我。','2019-12-08','土味情话'),(1149,'想说些漂亮的话哄你，但想来想去最漂亮的只有你。','2019-12-08','土味情话'),(1150,'我手上划了一道口子你也划一条吧 这样咱俩就是两口子了','2019-12-08','土味情话'),(1151,'希望你快快地爱上一个人，让那个人欺负你，如同你欺负我一样。','2019-12-08','土味情话'),(1152,'你有没有闻到什么烧焦的味道？那是我的心在燃烧。','2019-12-08','土味情话'),(1153,'终会有人把你捧在心尖上，喜欢你喜欢的像个傻子，终会有人保护好你的少女心，让你再次相信爱情。','2019-12-08','土味情话'),(1154,'而对一个人纠结，就是喜欢一个人的开始。','2019-12-08','土味情话'),(1155,'你在我的人生是可遇而不可求，正因为如此我会加倍把你珍惜，我担心错过你将会遇不到比你更好的女人。','2019-12-08','土味情话'),(1156,'糟糕，是心动的感觉。','2019-12-08','土味情话'),(1157,'如果一千个人从我身边走过，我也可以听出你的脚步声，因为九百九十九个人都只是踩在地上，只有你踏在我心上。','2019-12-08','土味情话'),(1158,'你有遇到让你哭笑不得的 事吗？哭也得不到你，笑也得不到你。','2019-12-08','土味情话'),(1159,'假如有一天你想哭，打给我，不能保证逗你笑，但我能陪着你一起哭；假如有一天你想逃跑，打给我，不能说服你留下，但我会陪着你一起逃。','2019-12-08','土味情话'),(1160,'希望与你相识在冬天，过了一个春夏，秋天你一定要来。','2019-12-08','土味情话'),(1161,'我用一千次回眸换得今生在你面前的驻足停留。','2019-12-08','土味情话'),(1162,'晓看天色暮看云，行也思君，坐也思君','2019-12-08','土味情话'),(1163,'你是心你是肝你是我的四分之三。','2019-12-08','土味情话'),(1164,'你的洒满心间笑宛若夏日清晨的阳光透过树叶间隙','2019-12-08','土味情话'),(1165,'你给我的备注是什么啊？” “一行。” “为什么啊？” “因为干一行，爱一行','2019-12-08','土味情话'),(1166,'想成为你这辈子，不管过了多少年，遇见了多少人，以后回想起来还会觉得妙不可言的人。','2019-12-08','土味情话'),(1167,'为什么我的眼中常含泪水，因为我爱你爱的深沉','2019-12-08','土味情话'),(1168,'为你的千千万万遍','2019-12-08','土味情话'),(1169,'如果有人对你恶语相向，我愿为你捂住耳朵，说上一世情话','2019-12-08','土味情话'),(1170,'孤烟无垠万里沙，幸能与你踏。 ​​​​','2019-12-08','土味情话'),(1171,'我发觉你今天有点怪，怪好看的。','2019-12-08','土味情话'),(1172,'是福不是祸，是你老婆躲不过。','2019-12-08','土味情话'),(1173,'但愿来生我们终日在一起，每天每天从早晨口角到夜深，恨不得大家走开。','2019-12-08','土味情话'),(1174,'我却还幻想着什么时候','2019-12-08','土味情话'),(1175,'你知道我喜欢吃什么吗？痴痴地望着你','2019-12-08','土味情话'),(1176,'从遇见你的那一天起，我所走的每一步都是为了更接近你。','2019-12-08','土味情话'),(1177,'入目无别人 四下皆是你','2019-12-08','土味情话'),(1178,'我想和你互相浪费，一起虚度短的沉默，长的无意义，一起消磨精致而苍老的宇宙。','2019-12-08','土味情话'),(1179,'以后早点睡，为什么？目前我还养不起国宝。','2019-12-08','土味情话'),(1180,'才能够成为你的死鬼','2019-12-08','土味情话'),(1181,'世事如书，我偏爱你这一句','2019-12-09','彩虹屁'),(1182,'做饭做家务怕老婆，爱你的三大特征我都有','2019-12-09','土味情话'),(1183,'倘若不是日有所思，哪里来的夜长梦多啊。 ​​​​','2019-12-09','土味情话'),(1184,'那时候我觉得，你就是我的神启','2019-12-09','土味情话'),(1185,'我可以称呼你为您吗？这样我就可以把你放在心上了','2019-12-09','土味情话'),(1186,'你知道你像什么人吗？什么人？我的女人。','2019-12-09','土味情话'),(1187,'所有人都在本色出演着穷鬼和色鬼','2019-12-09','土味情话'),(1188,'秋天来了，你出现了，我心动了','2019-12-09','土味情话'),(1189,'把手伸出来，这是我心房的钥匙，拿好','2019-12-09','土味情话'),(1190,'我找到了你，便像是找到了我真的自己。如果没有你，即使我爱了一百个人，或有一百个人爱我，我的灵魂也仍将永远彷徨着。你是 unique（独一无二）的。我将永远永远多么多么的欢喜你。','2019-12-09','土味情话'),(1191,'你是我的玫瑰你是我的花，小鸟的情话只给您夸。','2019-12-09','土味情话'),(1192,'如果尔康对紫薇的爱天地可鉴，那么我对你的爱七十二变。','2019-12-09','土味情话'),(1193,'你的口红我包了，但以后记得每天还我一点点。','2019-12-09','土味情话'),(1194,'我想要去看一看你下辈子的命簿，看你下辈子娶到哪家，我便投胎到那家。','2019-12-09','土味情话'),(1195,'你知道你和星星有什么区别吗？那就是星星在天上，而你在我心里','2019-12-09','土味情话'),(1196,'这是弓箭，这是火箭，你是我的甜蜜饯。','2019-12-09','土味情话'),(1197,'房产证写你名字，我妈会游泳，难产保大，余生多指教。','2019-12-09','土味情话'),(1198,'我爱你就是这样的不讲道理','2019-12-09','土味情话'),(1199,'不知道为什么和你一认识之后，便像被一根绳紧紧牵系住一样，怪不自由的，心也不能像从前一样轻了，但同时却又真觉得比从前幸福得多。','2019-12-09','土味情话'),(1200,'你是我的一切，而别人只不过是从我生命边上轻轻擦过的路人','2019-12-09','土味情话'),(1201,'你看过的所有风景都与我无关，我看过的所有风景都与你相关。','2019-12-09','土味情话'),(1202,'你是我临死前，拔掉氧气罐，想吻的人；','2019-12-09','土味情话'),(1203,'你以后走路能不能看着点啊，都撞在我心上了。','2019-12-09','土味情话'),(1204,'你闻到什么味道了吗？没有啊，怎么你一出来空气都是甜的了。','2019-12-09','土味情话'),(1205,'你忙归忙，什么时候有空娶我啊。','2019-12-09','土味情话'),(1206,'那些说星星好看的人一定没有看过你的眼睛','2019-12-09','土味情话'),(1207,'你不用多好，我喜欢你就好，我没有很好，你不嫌弃就好。','2019-12-09','土味情话'),(1208,'你就像破晓的那一束光，驱散了笼罩我的黑夜，至此，光芒万丈','2019-12-09','土味情话'),(1209,'你的笑宛若夏日清晨的阳光透过树叶间隙洒满心间','2019-12-09','土味情话'),(1210,'不要再撩头发了，来撩我吧！','2019-12-10','彩虹屁'),(1211,'如果说恨你是我前世的情仇，那么就让我爱你化成今世的情愁——浪情','2019-12-10','土味情话'),(1212,'动了情的小猪也会爬树喔','2019-12-10','土味情话'),(1213,'如果所有人对你恶语相向 我愿为你捂住耳朵','2019-12-10','土味情话'),(1214,'我一直想从你的窗子里看月亮。','2019-12-10','土味情话'),(1215,'你尽管浪 悲伤我扛','2019-12-10','土味情话'),(1216,'你有没有看见过某个笑容，让你想倾尽所有去守护。','2019-12-10','土味情话'),(1217,'用我的晚安陪你吃早餐 ','2019-12-10','土味情话'),(1218,'某年、某月、某日，晴，我在从前等你…… 时光如梦，恍然离下；朝花夕拾，尽是枯萎。从前，我爱你、现在、将来初心依然！','2019-12-10','土味情话'),(1219,'这里一切都丑的，风、雨、太阳，都丑，人也丑，我也丑得很。只有你是青天一样可羡。','2019-12-10','土味情话'),(1220,'你知道你和猴子什么区别吗” “一个住在山洞，一个住在我心里”','2019-12-10','土味情话'),(1221,'你是我自罚三杯，都不肯开口的秘密；','2019-12-10','土味情话'),(1222,'你是我的星河明月','2019-12-10','土味情话'),(1223,'为什么外国人想你了会说imissyou,而我只会说你在干嘛','2019-12-10','土味情话'),(1224,'惊鸿只一瞥，爱到死方休。','2019-12-10','土味情话'),(1225,'人说红颜薄命，你做我的红颜，我愿为你薄命。','2019-12-10','土味情话'),(1226,'你来我信你不会走，你走我当你没来过——《失恋33天》','2019-12-10','土味情话'),(1227,'我是霉变的橙子​，虫噬的玫瑰。但在你面前，我清白又勇敢，晴朗又温柔。','2019-12-10','土味情话'),(1228,'剑未佩妥，出门已是江湖；酒尚余温，入口不识乾坤；千帆过尽，愿您归来仍是少年。','2019-12-10','土味情话'),(1229,'你猜我喜欢什么制服，被你制服。','2019-12-10','土味情话'),(1230,'春水初生，春林初盛，春风十里不如你。','2019-12-10','土味情话'),(1231,'你是属什么的？我属龙的，不，你是属于我的。','2019-12-10','土味情话'),(1232,'你眼瞎吗？撞在我的心口上了。','2019-12-10','土味情话'),(1233,'我可以不为别人难过，但你不是别人，你是我的人。','2019-12-10','土味情话'),(1234,'想把你悄咪咪的藏起来，你只能是我一个人的喜欢，又在为数不多的时候想把你展现给所有人，告诉他们，这是我的。','2019-12-10','土味情话'),(1235,'有的人说不清哪里好，但就是谁都替代不了。','2019-12-10','土味情话'),(1236,'你看起来好像很好吃。','2019-12-11','彩虹屁'),(1237,'我手捧漫天星光而来，仍觉得漫天星光不如你。','2019-12-11','土味情话'),(1238,'我想问一条路 到你心里的路','2019-12-11','土味情话'),(1239,'你的嘴真好看，特别适合说我爱你。','2019-12-11','土味情话'),(1240,'螃蟹在剥我的壳，笔记本在写我，漫天的我落在枫叶上雪花上，而你在想我。','2019-12-11','土味情话'),(1241,'我是九你是三除了你还是你','2019-12-11','土味情话'),(1242,'和你在一起，我变得随心所欲，不再战战兢兢，担心忧虑。','2019-12-11','土味情话'),(1243,'真希望你有读心术，一眼就能看穿我的心思。','2019-12-11','土味情话'),(1244,'前世的五百次回眸换得今生的一次擦肩而过，','2019-12-11','土味情话'),(1245,'想你这件事，躲得过对酒当歌的夜，躲不过四下无人的街。','2019-12-11','土味情话'),(1246,'你是我最爱的宝贝. 就算是有比你更好看漂亮的人. 那也都不管我的事','2019-12-11','土味情话'),(1247,'寄给你全宇宙的爱和自太古至永劫的思念。','2019-12-11','土味情话'),(1248,'本来很丧的，可是收到你的消息我一下就知道心脏在努力的跳动，突然就热爱生命了','2019-12-11','土味情话'),(1249,'我爱你也许并不为什么理由，虽然可以有理由，例如你聪明，你纯洁，你可爱，你是好人等，但主要的原因大概是你全然适合我的趣味。因此你仍知道我是自私的，故不用感激我。','2019-12-11','土味情话'),(1250,'你是我故事里的一往情深。','2019-12-11','土味情话'),(1251,'我的酒量大概就是：八瓶香槟 七瓶伏特加 六瓶野格 五瓶威士忌 四瓶杰克丹尼 三瓶朗姆 两瓶生命之水 或者 你的一声：宝贝','2019-12-11','土味情话'),(1252,'你是我赴汤蹈火，都放不下的执着','2019-12-11','土味情话'),(1253,'我最近没有偷偷减肥哦，但是体重却下降了，因为我的心跑你那去了','2019-12-11','土味情话'),(1254,'你是可爱的男孩，我是可爱。','2019-12-11','土味情话'),(1255,'“你今天早上是不是很累？”“你怎么知道？”“因为你昨天晚上一直在我心里跑来跑去啊。”','2019-12-11','土味情话'),(1256,'你为什么要害我？害你什么？害我那么喜欢你。','2019-12-11','土味情话'),(1257,'要是个孩子该有多好 可以哭着告诉大人 我想要一个跟你一模一样的姑娘','2019-12-12','彩虹屁'),(1258,'幸福是什么，幸福就是牵着一双想牵的手，一起走过繁华喧嚣，一起守候寂寞孤独；就是陪着一个想陪的人，高兴时一起笑，伤悲时一起哭；就是拥有一颗想拥有的心，重复无聊的日子不乏味，做着相同的事情不枯燥，只要我们心中有爱，我们就会幸福，幸福就在当初的承诺中，就在今后的梦想里。','2019-12-12','土味情话'),(1259,'你知道相得益彰吗？就像你的美貌、气质和性格。','2019-12-12','土味情话'),(1260,'遇见你的时候上帝在我耳边说了四个字 “在劫难逃”。','2019-12-12','土味情话'),(1261,'你不觉得累吗？你已经在我的世界里跑了好几圈了','2019-12-12','土味情话'),(1262,'谁会喜欢一米七的萌妹啊，还不是因为你是咖啡和奶茶的混合体。','2019-12-12','土味情话'),(1263,'姑娘往北走，小生向南瞧，今生就此别过，不再打搅，望姑娘日后善其身，遇贵人，与君欢喜成，暖色度黄昏。 ','2019-12-12','土味情话'),(1264,'你这种人，我除了恋爱跟你也没什么好谈的。','2019-12-12','土味情话'),(1265,'会当凌绝顶，一… 一把搂住你。','2019-12-12','土味情话'),(1266,'没遇见你之前我是白纸，遇见你我就成灰了，因为你就是我心中的一团火','2019-12-12','土味情话'),(1267,'春花秋月，夏蝉冬雪，如逢卿颜，万迹踪灭','2019-12-12','土味情话'),(1268,'前半生到处浪荡，后半生为你煲汤。','2019-12-12','土味情话'),(1269,'你妈没教过你什么是礼尚往来吗？我喜欢你你必须嫁给我','2019-12-12','土味情话'),(1270,'我的手被划了一道口子，你也划一道，这样我们就是两口子了。','2019-12-12','土味情话'),(1271,'每天每天你让别人看见你，我却看不见你，这是全然没有理由的。','2019-12-12','土味情话'),(1272,'这是西服，这是迷彩服，你是我的小幸福。','2019-12-12','土味情话'),(1273,'后来，除了梦以外的地方我就没有见过你了。','2019-12-12','土味情话'),(1274,'诗和远方都不曾来过，我只有你眼中的清澈。','2019-12-12','土味情话'),(1275,'最近都忙着学雷锋呢，你也做个好事帮我洗个东西吧，洗欢我','2019-12-12','土味情话'),(1276,'我想把自己变成AI，只为做你的语音助手。','2019-12-12','土味情话'),(1277,'前世旧约终究抵不过一碗汤。','2019-12-12','土味情话'),(1278,'我喜欢你。就算这世界上有比你高、比你瘦、比你聪明、又比你懂事的人，都不关我的事。','2019-12-13','彩虹屁'),(1279,'谁问去往你心里的路该怎么走','2019-12-13','土味情话'),(1280,'我想以后可以先吻吻你迷迷糊糊不清醒的眼睛，再摁下闹钟的关闭按钮','2019-12-13','土味情话'),(1281,'你是不是喜欢我” 找到这句话的重复字','2019-12-13','土味情话'),(1282,'我实在是个坏人，但作为你的朋友的我，却确实是在努力着学做好人。','2019-12-13','土味情话'),(1283,'甜有一百种方式，吃糖和99次想你。','2019-12-13','土味情话'),(1284,'猪撞树上了，你撞我心里了。','2019-12-13','土味情话'),(1285,'疏窗细雨，夜夜孤灯。','2019-12-13','土味情话'),(1286,'我可以等你一个夏天，想陪你一起看晚霞，再等你一个秋天，想陪你一起看落叶，到了冬天，你一定要来。','2019-12-13','土味情话'),(1287,'我好香，你要不要抱一下','2019-12-13','土味情话'),(1288,'坏男人渣一阵子，好男人渣一辈子','2019-12-13','土味情话'),(1289,'按理说，我这么这么喜欢你，真应该从长计议步步为营的筹谋一切，让你慢慢上瘾直到离不开我。可我已经没有理智了，也没有问过你同不同意，就一腔热血的投入了所有感情，吓到你的话真的对不起，可我…在你面前无法克制','2019-12-13','土味情话'),(1290,'前世的五百次回眸换得今生的一次擦肩而过，我用一千次回眸换得今生在你面前的驻足停留。','2019-12-13','土味情话'),(1291,'你现在不珍惜我，我告诉你，过了这个村，我在下个村等你。','2019-12-13','土味情话'),(1292,'找到一个比你更重要的人真的是太难了','2019-12-13','土味情话'),(1293,'人间不值得，但你值得。','2019-12-13','土味情话'),(1294,'我玩了六年英雄联盟，后来才发现你才是我的英雄。','2019-12-13','土味情话'),(1295,'讲真的你未对我半分好，偏巧这感情疯长似野草。','2019-12-13','土味情话'),(1296,'我说我这里下雨了 你告诉我你那里是晴天呢 上一次我们的天气刚好相反 什么时候能和你在同一片天空下，有一样的天气呢？','2019-12-13','土味情话'),(1297,'喜欢，就是知道对方最好的一面而喜欢他；爱，就是明知对方最差的一面，却仍然爱得义无反顾。','2019-12-13','土味情话'),(1298,'哇！太厉害了！这两个句号比我用圆规画出来的还要圆润，有光泽，就好似两颗珍珠，像极了你的眼眸，清澈透亮！','2019-12-14','彩虹屁'),(1299,'你的人呀”','2019-12-14','土味情话'),(1300,'焉语繁？独喜与卿言尔','2019-12-14','土味情话'),(1301,'这是果冻，这是树洞，你是我的心动。','2019-12-14','土味情话'),(1302,'静静的走进你的心里，找个角落坐下，发现一切的律动都是随着你的心跳而改变！','2019-12-14','土味情话'),(1303,'我的床不大不小，用来睡你刚刚好。','2019-12-14','土味情话'),(1304,'你上过非诚勿扰？不然为什么这么像我的心动女生','2019-12-14','土味情话'),(1305,'你是年少的欢喜，喜欢的少年是你','2019-12-14','土味情话'),(1306,'你今天能不能不洗澡，为什么？因为最近流行吃脏脏包。','2019-12-14','土味情话'),(1307,'你知道你和星星的区别吗？星星点亮了黑夜，而你点亮了我的心','2019-12-14','土味情话'),(1308,'我不担心时光流逝，只因我坚信有你的日子将会越来越幸福，只到未来的某一天你我携手离开人世，我们的幸福将会达到巅峰。','2019-12-14','土味情话'),(1309,'虽然你没有我前女友漂亮 但我一见到你就有种想跟你定下来的感觉','2019-12-14','土味情话'),(1310,'这是我的手背，这是我的脚背，你是我的宝贝。','2019-12-14','土味情话'),(1311,'听闻小姐姐治家有方，余生愿闻其详','2019-12-14','土味情话'),(1312,'当欲望滋长强烈到极盛时，便会消退。 ​​​​','2019-12-14','土味情话'),(1313,'我听过最暖心的一句情话是：“你不用刻意去改变自己，我来适应你就好了。”','2019-12-14','土味情话'),(1314,'我可以许一个贪心的愿望吗?神明实现不了，只有你可以。','2019-12-14','土味情话'),(1315,'眼睛里，有2.8万个你。可能我是只蜻蜓吧，不然怎么会在清晨吻你？','2019-12-14','土味情话'),(1316,'你是方便面我是白开水 今生今世我泡定你了','2019-12-14','土味情话'),(1317,'这个世界美好的事情不多，立秋傍晚河对岸吹来的风，和笑起来甜得要命的你','2019-12-15','彩虹屁'),(1318,'我不很快乐，因为你不很爱我。但所谓不很快乐者，并不等于不快乐，正如不很爱我不等于不爱我一样。','2019-12-15','土味情话'),(1319,'你知道我最喜欢什么酒吗？和你的天长地久','2019-12-15','土味情话'),(1320,'总之你是非常好非常好的，我活了二十多岁，对于人生的探讨的结果，就只有这一句结论，其他的一切都否定了。当然我爱你。','2019-12-15','土味情话'),(1321,'我感觉你最近胖了，难怪你在我心中的分量变重了。','2019-12-15','土味情话'),(1322,'你有打火机吗？没有啊，那你是怎么点燃我的心的？','2019-12-15','土味情话'),(1323,'你是我患得患失的梦，我是你可有可无的人。','2019-12-15','土味情话'),(1324,'我要你知道，这个世界上有一个人会永远等着你。无论是在什么时候，无论你在什么地方，反正你知道总会有这样一个人。','2019-12-15','土味情话'),(1325,'亲爱的，容我轻轻咬耳，遇见你便寻到了春天！','2019-12-15','土味情话'),(1326,'你的笑容没有酒，我却醉的像条狗','2019-12-15','土味情话'),(1327,'我看你挺笨的吹口哨都不会，要不要我嘴对嘴教你。','2019-12-15','土味情话'),(1328,'这辈子跟我在一起吧，不行我就等等，再不行的话，我就想想别的办法。','2019-12-15','土味情话'),(1329,'不好意思，刚我对其他人动了心，因为她，很像你','2019-12-15','土味情话'),(1330,'你生病了 你缺我','2019-12-15','土味情话'),(1331,'我渴望和你打架，也渴望抱抱你。','2019-12-15','土味情话'),(1332,'我愿意舍弃一切，以想念你终此一生。','2019-12-15','土味情话'),(1333,'这世上最难堪的事不是他不爱你，而是他说很爱很爱你，最后却轻易地放弃了你。','2019-12-15','土味情话'),(1334,'你知道我喜欢喝什么吗？ 呵护你','2019-12-15','土味情话'),(1335,'我愿意舍弃一切，以想念你终此一生。','2019-12-16','彩虹屁'),(1336,'我不是loli控，只是刚好喜欢的女孩子是loli而已','2019-12-16','土味情话'),(1337,'我有个九个亿的项目想跟你单独谈谈。','2019-12-16','土味情话'),(1338,'我好像已经爱上了这片森林','2019-12-16','土味情话'),(1339,'吃糖吗？我有你就已经很甜了。','2019-12-16','土味情话'),(1340,'愿你的欢乐与岁月无关，愿你天黑有灯，下雨有伞。','2019-12-16','土味情话'),(1341,'你知道我为什么会感冒吗？因为见到你就没有抵抗力呀，我爱你。','2019-12-16','土味情话'),(1342,'我的酒量大概就是一打啤酒或者半斤白酒，再或者你的四两微笑。','2019-12-16','土味情话'),(1343,'这世间的长情莫过于你和我挽手余生','2019-12-16','土味情话'),(1344,'每个人都是一座孤岛，而你是通往我的孤岛的那一艘船。','2019-12-16','土味情话'),(1345,'（嗅嗅）你一来空气都变甜了呢','2019-12-16','土味情话'),(1346,'原谅我太贪心，陪了你情窦初开，还想陪你两鬓斑白。','2019-12-16','土味情话'),(1347,'我是九你是三，除了你还是你。','2019-12-16','土味情话'),(1348,'即使我再张牙舞爪，蛮不讲理，希望我在你眼里依然是最好的宝贝。','2019-12-16','土味情话'),(1349,'大年三十晚上的鞭炮再响，也没有我想你那么想','2019-12-16','土味情话'),(1350,'若深情不能对等，愿爱得更多的人是我。','2019-12-17','彩虹屁'),(1351,'面对你，我不仅善解人意，我还善解人衣。','2019-12-17','土味情话'),(1352,'我一点也不想你，一点半再想。','2019-12-17','土味情话'),(1353,'我不知道该说什么，只是突然在这一刻很想你。','2019-12-17','土味情话'),(1354,'Good night without you is just a night.','2019-12-17','土味情话'),(1355,'为你，百转千回','2019-12-17','土味情话'),(1356,'我想去你的城市，想吹你吹的风，想呼吸你呼吸的空气，想走你走的路，想看你生活的风景，想感受你四周的温度，想拥抱你。','2019-12-17','土味情话'),(1357,'跟我在一起吧，行就行，不行我就再想办法。','2019-12-17','土味情话'),(1358,'我也想遇见一个人，为他花开满城，为他明灯三千。','2019-12-17','土味情话'),(1359,'想试试我的草莓味唇膏吗？','2019-12-17','土味情话'),(1360,'想多亲亲我身边的风，说不定哪天它就吹到你脸上了。','2019-12-17','土味情话'),(1361,'在我们的人生路上，你不是沉重的包袱，而是甜蜜的行囊，背着你到天长地久，永远都是累并快乐着。','2019-12-17','土味情话'),(1362,'晚是世界的晚，安是有你的安','2019-12-17','土味情话'),(1363,'宁不知倾城与倾国，佳人难再得','2019-12-17','土味情话'),(1364,'你下次路过 能不能不勾走我的魂 带我走','2019-12-18','彩虹屁'),(1365,'满心向你，却只字不提 ，你知道就知道 ，不知道也就算了，口里的爱不及心里的千分之一。','2019-12-18','土味情话'),(1366,'傻逼在泰语里可是老公的意思哦','2019-12-18','土味情话'),(1367,'用铁做的门叫铁门，用木做的门叫木门，用幸福做的门叫什么门？叫我们','2019-12-18','土味情话'),(1368,'我的快乐即是爱你，我的安慰即是思念你，你愿不愿待我好则非我所愿计及。','2019-12-18','土味情话'),(1369,'姑娘我想我们合二为一，尽情享受人间仙境','2019-12-18','土味情话'),(1370,'我喜欢你，在于颜值，喜欢他，忠于人品','2019-12-18','土味情话'),(1371,'请在我走投无路之际 予我忠诚与回眸 为了再爱一次 我愿意走投无路 我愿意再被孤独追杀一百次一万次 即使你是我避无可避的遭遇 和即将永远的失去','2019-12-18','土味情话'),(1372,'热爱可抵岁月漫长，彼此保护不是说说而已。','2019-12-19','彩虹屁'),(1373,'希望你要做一个披荆斩棘无所不能的女英雄，直到遇见一个能托付一生的人，再做一个瓶盖都拧不开的小公主。','2019-12-19','土味情话'),(1374,'喜欢一个人是藏不住的，就算你躲进衣柜里，还是会被她的老公发现。','2019-12-19','土味情话'),(1375,'生命那么短，世界那么乱，我不想争吵，不想冷战，不愿和你有一秒遗憾。','2019-12-19','土味情话'),(1376,'我愿意为你患得患失','2019-12-19','土味情话'),(1377,'他对她说，他依然爱她，和过去一样，至死不渝','2019-12-19','土味情话'),(1378,'你可以给我东西. 什么东西? 你的人呀.','2019-12-19','土味情话'),(1379,'我是9你是3，除了你还是你','2019-12-19','土味情话'),(1380,'他们说这个世界上海最深邃，干净又透明，我想那是他们没见过你的眼睛。','2019-12-19','土味情话'),(1381,'下雪了，我们不要伞，是不是可以一起走到白头。','2019-12-19','土味情话'),(1382,'岁月妙笔生花，独独留了个他','2019-12-19','土味情话'),(1383,'我还是喜欢你，像小时候吃辣条，不看日期。','2019-12-19','土味情话'),(1384,'喜欢你已经超过两分钟，无法撤回啦','2019-12-20','彩虹屁'),(1385,'告诉冬天不用来了，我的她，已经凉了','2019-12-20','土味情话'),(1386,'如果可以的话请让我把你打到骨折，这样我就可以赔你一辈子了。','2019-12-20','土味情话'),(1387,'做什么都十拿九稳，就差你一吻','2019-12-20','土味情话'),(1388,'我一天一天明白你的平凡，同时却一天一天愈更深切地爱你。你如照镜子，你不会看得见你特别好的所在，但你如走进我的心里来时，你一定能知道自己是怎样好法。','2019-12-20','土味情话'),(1389,'可能人生的旅程就是在不断发现问题-解决问题-发现问题-解决问题。 ','2019-12-20','土味情话'),(1390,'今夜我不关心人类，我只想你。','2019-12-20','土味情话'),(1391,'无论是被人怨恨也好，被人讨厌也好，就算身体里的血液全部流尽也好，舍弃掉我所拥有的一切也好。就算要与全世界为敌，只要和你在一起，我就是幸福的。','2019-12-20','土味情话'),(1392,'我见过的最美的春天，是你穿过人群找到我的那个四月。','2019-12-20','土味情话'),(1393,'我余光中都是你的','2019-12-20','土味情话'),(1394,'多喝热水','2019-12-20','土味情话'),(1395,'无聊的时候多想想我，不要浪费时间，知道吗？','2019-12-20','土味情话'),(1396,'你问我爱你值不值得，其实你应该知道，爱就是不问值不值得。','2019-12-21','彩虹屁'),(1397,'长话短说，爱我。','2019-12-21','土味情话'),(1398,'若余生来得及，你是我所有的不介意。','2019-12-21','土味情话'),(1399,'我从不喜欢迁就，却用最干净的真心为你妥协了很久。','2019-12-21','土味情话'),(1400,'这是手心，这是笔芯，你是我的小甜心。','2019-12-21','土味情话'),(1401,'我身上的每一斤肉都很想你，它们和思念一样，都是沉甸甸的。','2019-12-21','土味情话'),(1402,'我想要两颗西柚，I want to see you。','2019-12-21','土味情话'),(1403,'写了五行关于火的诗，两行烧茶，两行留到冬天取暖，剩下的一行，留给你在停电的晚上读我。','2019-12-21','土味情话'),(1404,'你是东半球，我是西半球，我们在一起，就是整个地球。','2019-12-21','土味情话'),(1405,'“医生说我有低血糖，需要你跟我说几句甜蜜的话。”','2019-12-21','土味情话'),(1406,'为了在你的眼睛里不再看到别的，只看到我对你的想像，只看到你的形象中的世界，还有你眼中的日日夜夜。','2019-12-21','土味情话'),(1407,'我要是再漂亮一点，悄悄看你时，目光就不会闪躲了。','2019-12-21','土味情话'),(1408,'每天微信运动告诉我你今天走了多少步，却没有一步是走向我的','2019-12-21','土味情话'),(1409,'你的眼睛里有星辰大海，你是被上帝吻过的孩子。','2019-12-22','彩虹屁'),(1410,'你的脸上有点东西，有什么？有点漂亮。','2019-12-22','土味情话'),(1411,'见什么世面，见见你就好了。','2019-12-22','土味情话'),(1412,'我想到你的房间去看月亮。','2019-12-22','土味情话'),(1413,'我想要在茅亭里看雨、假山边看蚂蚁，看蝴蝶恋爱，看蜘蛛结网，看水，看船，看云，看瀑布，看你甜甜地睡觉。','2019-12-22','土味情话'),(1414,'不要愁老之将至，你老了一定很可爱。而且，假如你老了十岁，我当然也同样老了十岁，世界也老了十岁，上帝也老了十岁，一切都是一样。','2019-12-22','土味情话'),(1415,'我的宁静有四分之三来自你；你是我的血和肉，我的皮肤和骨骼我的骨髓，我身体的任何部分；你成了我心上隐隐作痛的伤口。','2019-12-22','土味情话'),(1416,'你来时冬至，但眉上风止','2019-12-22','土味情话'),(1417,'没有突然，一直很想你。','2019-12-22','土味情话'),(1418,'一不小心被绊倒了，摔进你的心坎，踏入你的余生！','2019-12-23','彩虹屁'),(1419,'回眸一笑百媚生，可惜不是你不是你。','2019-12-23','土味情话'),(1420,'哪来这么多情话，我看你的每一个眼神都是表白。','2019-12-23','土味情话'),(1421,'你是我见一个爱一个中 最爱的那一个','2019-12-23','土味情话'),(1422,'爱如果值钱，那你一定会是千万富翁，因为我会把我的爱全部给你。','2019-12-23','土味情话'),(1423,'我喜欢你，在所有时候，也喜欢有些人，在他们偶尔像你的时候”。','2019-12-23','土味情话'),(1424,'我想和你一起生活，在某个小镇，共享无尽黄昏，和绵绵不绝的钟声。','2019-12-23','土味情话'),(1425,'我心中有一幅山水，落款的你的名字。','2019-12-23','土味情话'),(1426,'情书是我抄的，但喜欢你是真的。','2019-12-23','土味情话'),(1427,'我想去个地方什么地方？去你心里！','2019-12-23','土味情话'),(1428,'春眠不觉晓，处… 处对象可好。','2019-12-23','土味情话'),(1429,'你没空的时候我就自己玩，你有空了记得找我玩。','2019-12-23','土味情话'),(1430,'一支圆珠笔，可以写 5693 个你的名字。','2019-12-23','土味情话'),(1431,'我对你的爱就像拖拉机，轰轰烈烈','2019-12-23','土味情话'),(1432,'喜欢你，就像一封旧情书，你的名字是我最熟悉的笔画。','2019-12-23','土味情话'),(1433,'听过很多艺术家称赞这个世界的美，直到和你相遇之后我才真正的意识到','2019-12-23','土味情话'),(1434,'你是我在试图证明无限区间上的罗尔中值定理时都在想送给你的书上改写什么话的人','2019-12-23','土味情话'),(1435,'所谓现在活着，是鸟儿展翅，是海涛汹涌，是蜗牛爬行，是人在相爱，是你的手温，是生命。','2019-12-24','彩虹屁'),(1436,'不要让别人喊我喊逗比，那是只属于你的专属。','2019-12-24','土味情话'),(1437,'我把我整个灵魂都给你，连同它的怪癖，耍小脾气，忽明忽暗，一千八百种坏毛病。它真讨厌，只有一点好，爱你。','2019-12-24','土味情话'),(1438,'麻烦你笑一下，我的咖啡忘加糖了。','2019-12-24','土味情话'),(1439,'幸得识君桃花面，从此阡陌多暖春。','2019-12-24','土味情话'),(1440,'你是书吗，怎么越看越想睡。','2019-12-24','土味情话'),(1441,'你见过凌晨两点的太阳吗？见过，噩梦醒来身旁你熟睡的脸。','2019-12-24','土味情话'),(1442,'繁星万里，怎么就不及一个你','2019-12-24','土味情话'),(1443,'如果不是因为这世界有些古怪，我巴不得永远和你厮守在一起。','2019-12-24','土味情话'),(1444,'我想不出任何情话了，我现在只想去见你','2019-12-24','土味情话'),(1445,'赠卿春绿夏黄秋红，余生卿欠我白首','2019-12-24','土味情话'),(1446,'忙或不忙 不足以成为 断了我想你的理由','2019-12-25','彩虹屁'),(1447,'你震动五万里远的声带，我颤动五万里远的心脏。','2019-12-25','土味情话'),(1448,'足够用心 才足够特别','2019-12-25','土味情话'),(1449,'你是高处折不到的桃花，是跨不上的英俊白马。','2019-12-25','土味情话'),(1450,'青梅枯萎，竹马老去，从此我爱上的人都像你。','2019-12-25','土味情话'),(1451,'你说的每句漫不经心的话，全在我心头开成了漫山遍野的花。','2019-12-25','土味情话'),(1452,'你想我了吗？你都不想我，可我好想你。','2019-12-25','土味情话'),(1453,'喜欢你，春夏秋冬的喜欢。','2019-12-25','土味情话'),(1454,'拿着手机拍心爱的女生。女生会问：你拍我干什么？你可以回答：我看到美丽的事物，都会拍下来。','2019-12-25','土味情话'),(1455,'在下~~~，愿闻姑娘芳名，愿为姑娘良配。','2019-12-25','土味情话'),(1456,'你是我所有的少女情怀和心之所向，你是我最美好的信仰。','2019-12-26','彩虹屁'),(1457,'不许你再叫我X先生，否则我要从字典中查出世界上最肉麻的称呼来称呼你。特此警告。','2019-12-26','土味情话'),(1458,'佛说：前世五百次回眸，才能换来今生的擦肩而过。如果真是如此，那我愿意用下辈子，下下辈子，下下下辈子的时间，再次换来与你相遇、相知、相爱！','2019-12-26','土味情话'),(1459,'秋天该很好，你若尚在场，秋风即使带凉，亦漂亮。','2019-12-26','土味情话'),(1460,'我发觉我是一个坏小子，你爸爸说的一点也不错。可是我现在不坏了，我有了良心。我的良心就是你。真的。','2019-12-26','土味情话'),(1461,'所有的日记都知道我喜欢你。','2019-12-26','土味情话'),(1462,'你是夏季限定，也是来日方长，也是秋季爆款，也只是一时之需','2019-12-26','土味情话'),(1463,'子曰三思而后行，1.2.3，我喜欢你。','2019-12-26','土味情话'),(1464,'你牵动了我心脏的每个部分','2019-12-26','土味情话'),(1465,'我的嗓音是一列被截停的火车，你的名字是俄罗斯漫长的国境线。','2019-12-26','土味情话'),(1466,'以心事下酒易大醉 大醉后易吐心事 心事全是你','2019-12-27','彩虹屁'),(1467,'只要你一向在我身边，其他东西不再重要。','2019-12-27','土味情话'),(1468,'我是九你是三，我除了你还是你。','2019-12-27','土味情话'),(1469,'万圣节的晚上，所有人都在本色出演着穷鬼和色鬼。我却还幻想着什么时候，才能够成为你的死鬼','2019-12-27','土味情话'),(1470,'有时候我想比你晚出生一百年，你的一生被拍成一部电影，而我一生只做一件事：独自坐在房间，面对墙上的荧光屏，用我的一生把你的一生看完。','2019-12-27','土味情话'),(1471,'渔夫每次出海都不知道鱼在哪里，可他们还是选择出发，因为他们相信自已一定能满载而归。就像我选择爱你，虽然不知道最后的结果，但我还是选择去爱你，因为我相信最后一定能圆满','2019-12-27','土味情话'),(1472,'人生本就充满误读 但你的美貌是货真价实的','2019-12-27','土味情话'),(1473,'有什么不懂的尽管吻我。','2019-12-27','土味情话'),(1474,'如果有一天我穿上西装成为别人的新郎，我绝口不提当年的疯狂；如果有一天你穿上婚纱成为别人的新娘，娶你依旧是我最初的梦想。','2019-12-27','土味情话'),(1475,'你是人间触手可及的笑意，是我无法言喻的欢愉','2019-12-27','土味情话'),(1476,'五行缺金，命中缺你','2019-12-27','土味情话'),(1477,'我想我会开始想念你，可是我刚刚才遇见了你','2019-12-28','彩虹屁'),(1478,'如果有一天我穿上西装成为别人的新郎，我绝口不提当年的疯狂；如果有一天你穿上婚纱成为别人的新娘，娶你依旧是我最初的梦想。','2019-12-28','土味情话'),(1479,'纵然世间任我挑，我的选择仍是你','2019-12-28','土味情话'),(1480,'那些说星星好看的人一定没有看过你的眼睛','2019-12-28','土味情话'),(1481,'春水初生，春林初盛，春风十里不如你。','2019-12-28','土味情话'),(1482,'有人说，如果你在冬天遇到喜欢的人，他可以把你的冬天变成春天。','2019-12-28','土味情话'),(1483,'我可以不为别人难过，但你不是别人，你是我的人。','2019-12-28','土味情话'),(1484,'我想和你互相浪费，一起虚度短的沉默，长的无意义，一起消磨精致而苍老的宇宙。','2019-12-28','土味情话'),(1485,'会当凌绝顶，一… 一把搂住你。','2019-12-28','土味情话'),(1486,'我还是爱你，就像风走了八万里，不问归期。','2019-12-28','土味情话'),(1487,'入目无别人 四下皆是你','2019-12-28','土味情话'),(1488,'不好意思，刚我对其他人动了心，因为她，很像你','2019-12-28','土味情话'),(1489,'你是我最爱的宝贝. 就算是有比你更好看漂亮的人. 那也都不管我的事','2019-12-28','土味情话'),(1490,'“你今天早上是不是很累？”“你怎么知道？”“因为你昨天晚上一直在我心里跑来跑去啊。”','2019-12-28','土味情话'),(1491,'佛说：前世五百次回眸，才能换来今生的擦肩而过。如果真是如此，那我愿意用下辈子，下下辈子，下下下辈子的时间，再次换来与你相遇、相知、相爱！','2019-12-28','土味情话'),(1492,'没遇见你之前我是白纸，遇见你我就成灰了，因为你就是我心中的一团火','2019-12-28','土味情话'),(1493,'原谅我太贪心，陪了你情窦初开，还想陪你两鬓斑白。','2019-12-28','土味情话'),(1494,'见什么世面，见见你就好了。','2019-12-28','土味情话'),(1495,'我愿将我余生燃烧，暖你未来的路。','2019-12-28','土味情话'),(1496,'我从不后悔一直喜欢你，那些孤独枯燥的时光岁月，因为你而变得温柔。','2019-12-28','土味情话'),(1497,'你这种人！我除了恋爱没什么和你好谈的','2019-12-28','土味情话'),(1498,'你我永远都不会擦肩而过，因为我藏身在每一首情歌里。','2019-12-28','土味情话'),(1499,'你来时冬至，但眉上风止','2019-12-28','土味情话'),(1500,'我不喜欢喝酒，除了和你的天长地久','2019-12-28','土味情话'),(1501,'选择了你，就要坚持到死','2019-12-28','土味情话'),(1502,'你见过凌晨两点的太阳吗？见过，噩梦醒来身旁你熟睡的脸。','2019-12-28','土味情话'),(1503,'这一辈子，还有没有可能，会有一个人，因为一句你想他，不远万里，不为别的，只为看看你。','2019-12-28','土味情话'),(1504,'为什么外国人想你了会说imissyou,而我只会说你在干嘛','2019-12-28','土味情话'),(1505,'我不想做你的盖世英雄，只想每天晚上帮你盖好被子。','2019-12-28','土味情话'),(1506,'我的快乐即是爱你，我的安慰即是思念你，你愿不愿待我好则非我所愿计及。','2019-12-28','土味情话'),(1507,'如果所有人对你恶语相向 我愿为你捂住耳朵','2019-12-28','土味情话'),(1508,'因为喜欢，所以会介意很多事，要是不喜欢，就不会生那么多气了。','2019-12-28','土味情话'),(1509,'我这个人没什么毅力，做事经常半途而废。唯独喜欢你这件事，我从第一次遇见你，一直坚持到了现在。','2019-12-28','土味情话'),(1510,'拿着手机拍心爱的女生。女生会问：你拍我干什么？你可以回答：我看到美丽的事物，都会拍下来。','2019-12-28','土味情话'),(1511,'被你点赞过的朋友圈，叫甜甜圈。','2019-12-28','土味情话'),(1512,'我想和你一起生活，在某个小镇，共享无尽黄昏，和绵绵不绝的钟声。','2019-12-28','土味情话'),(1513,'子曰三思而后行，1.2.3，我喜欢你。','2019-12-28','土味情话'),(1514,'焉语繁？独喜与卿言尔','2019-12-28','土味情话'),(1515,'他们说这个世界上海最深邃，干净又透明，我想那是他们没见过你的眼睛。','2019-12-28','土味情话'),(1516,'动了情的小猪也会爬树喔','2019-12-28','土味情话'),(1517,'你是我最想和全世界炫耀却又最舍不得和别人分享的人','2019-12-28','土味情话'),(1518,'下雪了，我们不要伞，是不是可以一起走到白头。','2019-12-28','土味情话'),(1519,'三十晚上的鞭炮再响，都没有我想你那么想。','2019-12-28','土味情话'),(1520,'你是非常可爱的人，真应该遇到最好的人，我也真希望我就是。','2019-12-28','土味情话'),(1521,'我喜欢你，在于颜值，喜欢他，忠于人品','2019-12-28','土味情话'),(1522,'郎心自有一双脚，隔山隔海会归来','2019-12-28','土味情话'),(1523,'你辛苦归辛苦，什么时候有空嫁给我。','2019-12-28','土味情话'),(1524,'麻烦你笑一下，我的咖啡忘加糖了。','2019-12-28','土味情话'),(1525,'你是属什么的？我属龙的，不，你是属于我的。','2019-12-28','土味情话'),(1526,'莫文蔚的阴天，孙燕姿的雨天，周杰伦的晴天，都不如你和我聊天。','2019-12-28','土味情话'),(1527,'你不觉得累吗？你已经在我的世界里跑了好几圈了','2019-12-28','土味情话'),(1528,'你真是世界上最可爱的生物了 心软嘴硬除了宠着还能怎么办呢','2019-12-29','彩虹屁'),(1529,'喜欢，就是知道对方最好的一面而喜欢他；爱，就是明知对方最差的一面，却仍然爱得义无反顾。','2019-12-29','土味情话'),(1530,'今夜星闪闪，我爱你满满','2019-12-29','土味情话'),(1531,'前世的五百次回眸换得今生的一次擦肩而过，我用一千次回眸换得今生在你面前的驻足停留。','2019-12-29','土味情话'),(1532,'真希望你有读心术，一眼就能看穿我的心思。','2019-12-29','土味情话'),(1533,'情书是我抄的，但喜欢你是真的。','2019-12-29','土味情话'),(1534,'你是我的一切，而别人只不过是从我生命边上轻轻擦过的路人','2019-12-29','土味情话'),(1535,'曾经我自诩半个诗人，见山是深情伟岸，见海是热情澎湃，见花见草信他们皆有故事，云海江潮，虫鸣鸟啼都暗藏情愫。唯独见了你，山川沉默，海面静谧，云海不再翻涌，江潮不再澎湃，花鸟鱼虫被光与尘凝固，世界万籁俱寂，只剩下你。','2019-12-29','土味情话'),(1536,'你像一个人 ，我的人','2019-12-29','土味情话'),(1537,'等了那么久，你可算来了','2019-12-29','土味情话'),(1538,'终会有人把你捧在心尖上，喜欢你喜欢的像个傻子，终会有人保护好你的少女心，让你再次相信爱情。','2019-12-29','土味情话'),(1539,'诗和远方都不曾来过，我只有你眼中的清澈。','2019-12-29','土味情话'),(1540,'你不知道在遇见你之前，我的世界天天都有雾霾，遇到你以后，他变得晴空万里','2019-12-29','土味情话'),(1541,'“三十岁是个坎？意思是过了30一切就好起来了是吧？”“意思是过了30岁，生活就结束前戏，开始狠狠操你了。”','2019-12-29','土味情话'),(1542,'吃糖吗？我有你就已经很甜了。','2019-12-29','土味情话'),(1543,'前天是小鹿，昨天是小兔，今天是你','2019-12-29','土味情话'),(1544,'我渴望和你打架，也渴望抱抱你。','2019-12-29','土味情话'),(1545,'我和你除了恋爱没什么好谈的。','2019-12-29','土味情话'),(1546,'青梅枯萎，竹马老去，从此我爱上的人都像你。','2019-12-29','土味情话'),(1547,'倘若不是日有所思，哪里来的夜长梦多啊。 ​​​​','2019-12-29','土味情话'),(1548,'不须耳鬓常厮伴，一笑低头意已倾','2019-12-29','土味情话'),(1549,'糟糕，是心动的感觉。','2019-12-29','土味情话'),(1550,'你猜我喜欢什么制服，被你制服。','2019-12-29','土味情话'),(1551,'人间不值得，但你值得。','2019-12-29','土味情话'),(1552,'你躺下去是山水 你坐起来是菩萨','2019-12-29','土味情话'),(1553,'既然你已经把我的心弄乱了，那么你准备什么时候来弄乱我的床','2019-12-29','土味情话'),(1554,'你别对我笑，我怕我得不到，又忘不掉','2019-12-29','土味情话'),(1555,'你忙归忙，什么时候有空娶我啊。','2019-12-29','土味情话'),(1556,'按理说，我这么这么喜欢你，真应该从长计议步步为营的筹谋一切，让你慢慢上瘾直到离不开我。可我已经没有理智了，也没有问过你同不同意，就一腔热血的投入了所有感情，吓到你的话真的对不起，可我…在你面前无法克制','2019-12-29','土味情话'),(1557,'这世间的长情莫过于你和我挽手余生','2019-12-29','土味情话'),(1558,'我一天一天明白你的平凡，同时却一天一天愈更深切地爱你。你如照镜子，你不会看得见你特别好的所在，但你如走进我的心里来时，你一定能知道自己是怎样好法。','2019-12-29','土味情话'),(1559,'没有树的地方是沙漠，没有你的地方是寂寞。','2019-12-29','土味情话'),(1560,'你会弹吉他吗？为什么拨动了我的心弦','2019-12-29','土味情话'),(1561,'五行缺金，命中缺你','2019-12-29','土味情话'),(1562,'你要记得每个小时想我两秒钟哦','2019-12-29','土味情话'),(1563,'你的口红我包了，但以后记得每天还我一点点。','2019-12-29','土味情话'),(1564,'我感觉你最近胖了，难怪你在我心中的分量变重了。','2019-12-29','土味情话'),(1565,'所爱隔山海，山海皆可平。','2019-12-29','土味情话'),(1566,'你闻到什么味道了吗？没有啊，怎么你一出来空气都是甜的了。','2019-12-29','土味情话'),(1567,'爱而不得都是渣女','2019-12-29','土味情话'),(1568,'我喜欢睡觉，不是因为困，也不是想休息，只是因为我只有梦里才能见到你','2019-12-29','土味情话'),(1569,'你知道你和星星的区别吗？星星点亮了黑夜，而你点亮了我的心','2019-12-29','土味情话'),(1570,'最近都忙着学雷锋呢，你也做个好事帮我洗个东西吧，洗欢我','2019-12-29','土味情话'),(1571,'猪撞树上了，你撞我心里了。','2019-12-29','土味情话'),(1572,'我用一千次回眸换得今生在你面前的驻足停留。','2019-12-29','土味情话'),(1573,'你是方便面我是白开水 今生今世我泡定你了','2019-12-29','土味情话'),(1574,'我可以许一个贪心的愿望吗?神明实现不了，只有你可以。','2019-12-29','土味情话'),(1575,'你身体里的每一个原子都来自一颗爆炸了的恒星，你左手的原子与右手的原子也许来自不同的恒星。这实在是我所知道的物理中最富诗意的东西:你的一切都是星尘……因此，忘掉耶稣吧，星星都死去了，你今天才能在这里','2019-12-29','土味情话'),(1576,'在你面前我经常会笑，可朋友们都知道我是个不开心的人。','2019-12-30','彩虹屁'),(1577,'因为喜欢，所以会介意很多事，要是不喜欢，就不会生那么多气了。','2019-12-30','土味情话'),(1578,'静静的走进你的心里，找个角落坐下，发现一切的律动都是随着你的心跳而改变！','2019-12-30','土味情话'),(1579,'现在几点了？是我们幸福的起点。','2019-12-30','土味情话'),(1580,'你闻到什么味道了吗？没有啊，怎么你一出来空气都是甜的了。','2019-12-30','土味情话'),(1581,'我是九，你是三，除了你还是你。','2019-12-30','土味情话'),(1582,'喜欢，就是知道对方最好的一面而喜欢他；爱，就是明知对方最差的一面，却仍然爱得义无反顾。','2019-12-30','土味情话'),(1583,'你不知道在遇见你之前，我的世界天天都有雾霾，遇到你以后，他变得晴空万里','2019-12-30','土味情话'),(1584,'人说红颜薄命，你做我的红颜，我愿为你薄命。','2019-12-30','土味情话'),(1585,'晓看天色暮看云，行也思君，坐也思君。','2019-12-30','土味情话'),(1586,'这是果冻，这是树洞，你是我的心动。','2019-12-30','土味情话'),(1587,'我听过最暖心的一句情话是：“你不用刻意去改变自己，我来适应你就好了。”','2019-12-30','土味情话'),(1588,'多喝热水','2019-12-30','土味情话'),(1589,'你以后走路能不能看着点啊，都撞在我心上了。','2019-12-30','土味情话'),(1590,'你牵动了我心脏的每个部分','2019-12-30','土味情话'),(1591,'要不要来谈个恋爱啊，二缺一','2019-12-30','土味情话'),(1592,'只愿君心似我心 ​​​​','2019-12-30','土味情话'),(1593,'你若携风来叩，我必以满屋芬芳相迎。','2019-12-30','土味情话'),(1594,'“你今天早上是不是很累？”“你怎么知道？”“因为你昨天晚上一直在我心里跑来跑去啊。”','2019-12-30','土味情话'),(1595,'今夜我不关心人类，我只想你。','2019-12-30','土味情话'),(1596,'五行缺金，命中缺你','2019-12-30','土味情话'),(1597,'子曰三思而后行，1.2.3，我喜欢你。','2019-12-30','土味情话'),(1598,'我爱你就是这样的不讲道理','2019-12-30','土味情话'),(1599,'你猜我的心在哪边？左边？错了，在你那边。','2019-12-30','土味情话'),(1600,'你来我信你不会走，你走我当你没来过——《失恋33天》','2019-12-30','土味情话'),(1601,'你的嘴真好看，特别适合说我爱你。','2019-12-30','土味情话'),(1602,'你露出笑容的话，那么我也是一样笑着的吧……♪','2019-12-30','土味情话'),(1603,'你不用担心，我会帮你搞定我妈。','2019-12-30','土味情话'),(1604,'不要愁老之将至，你老了一定很可爱。而且，假如你老了十岁，我当然也同样老了十岁，世界也老了十岁，上帝也老了十岁，一切都是一样。','2019-12-30','土味情话'),(1605,'被你赞过的朋友圈，叫甜甜圈。','2019-12-30','土味情话'),(1606,'本来很丧的，可是收到你的消息我一下就知道心脏在努力的跳动，突然就热爱生命了','2019-12-30','土味情话'),(1607,'我想要去看一看你下辈子的命簿，看你下辈子娶到哪家，我便投胎到那家。','2019-12-30','土味情话'),(1608,'宁不知倾城与倾国，佳人难再得','2019-12-30','土味情话'),(1609,'坏男人渣一阵子，好男人渣一辈子','2019-12-30','土味情话'),(1610,'你不觉得累吗？你已经在我的世界里跑了好几圈了','2019-12-30','土味情话'),(1611,'你可以给我东西. 什么东西? 你的人呀.','2019-12-30','土味情话'),(1612,'就没有你的照片嘛？有啊，不想发。奥，那以后我在人海里找不到你的时候记得朝我挥挥手','2019-12-30','土味情话'),(1613,'我找到了你，便像是找到了我真的自己。如果没有你，即使我爱了一百个人，或有一百个人爱我，我的灵魂也仍将永远彷徨着。你是 unique（独一无二）的。我将永远永远多么多么的欢喜你。','2019-12-30','土味情话'),(1614,'这世间的长情莫过于你和我挽手余生','2019-12-30','土味情话'),(1615,'我把我整个灵魂都给你，连同它的怪癖，耍小脾气，忽明忽暗，一千八百种坏毛病。它真讨厌，只有一点好，爱你。','2019-12-30','土味情话'),(1616,'我可以等你一个夏天，想陪你一起看晚霞，再等你一个秋天，想陪你一起看落叶，到了冬天，你一定要来。','2019-12-30','土味情话'),(1617,'我好香，你要不要抱一下','2019-12-30','土味情话'),(1618,'你说我不救你，我说我跳下来陪你。你说我爱人的心尤为动人，我笑你不理我的样子最为情深。','2019-12-30','土味情话'),(1619,'在下~~~，愿闻姑娘芳名，愿为姑娘良配。','2019-12-30','土味情话'),(1620,'你能不能别说话了。”“我没有啊。”“那为什么我满脑子都是你的声音','2019-12-30','土味情话'),(1621,'关于想你这件事，躲得过对酒当歌的夜，躲不过四下无人的街。','2019-12-30','土味情话'),(1622,'诗和远方都不曾来过，我只有你眼中的清澈。','2019-12-30','土味情话'),(1623,'有的人说不清哪里好，但就是谁都替代不了。','2019-12-30','土味情话'),(1624,'为了在你的眼睛里不再看到别的，只看到我对你的想像，只看到你的形象中的世界，还有你眼中的日日夜夜。','2019-12-30','土味情话'),(1625,'你是我的星河明月','2019-12-30','土味情话'),(1626,'我愿意为你患得患失','2019-12-30','土味情话'),(1627,'在这什么都善变的人间 我想陪你一起看一看这永远有多远','2019-12-31','彩虹屁'),(1628,'想你这件事，躲得过对酒当歌的夜，躲不过四下无人的街。','2019-12-31','土味情话'),(1629,'我们的性格并不完全一致，但尽有互相共鸣的地方。我们的认识虽是偶然，我们的交契却并非偶然。凭良心说，我不能不承认你在我心目中十分可爱，虽我对于你并不是盲目的赞美。我们需要的是对于彼此弱点的谅解，只有能互相谅解的人，弱点才能变得并不可靠，甚至于反是可爱也说不定。','2019-12-31','土味情话'),(1630,'你我永远都不会擦肩而过，因为我藏身在每一首情歌里。','2019-12-31','土味情话'),(1631,'我把我整个灵魂都给你，连同它的怪癖，耍小脾气，忽明忽暗，一千八百种坏毛病。它真讨厌，只有一点好，爱你。','2019-12-31','土味情话'),(1632,'早起是为了早点见到你，','2019-12-31','土味情话'),(1633,'我的宁静有四分之三来自你；你是我的血和肉，我的皮肤和骨骼我的骨髓，我身体的任何部分；你成了我心上隐隐作痛的伤口。','2019-12-31','土味情话'),(1634,'你别对我笑，我怕以后得不到，又忘不掉。','2019-12-31','土味情话'),(1635,'没有树的地方是沙漠，没有你的地方是寂寞。','2019-12-31','土味情话'),(1636,'三生有幸认识你即使悲凉也是情！','2019-12-31','土味情话'),(1637,'我还是喜欢你，像小时候吃辣条，不看日期。','2019-12-31','土味情话'),(1638,'你是属什么的？我属龙的，不，你是属于我的。','2019-12-31','土味情话'),(1639,'我好像感冒了诶，怎么办，对你一点抵抗力都没有。','2019-12-31','土味情话'),(1640,'要不要来谈个恋爱啊，二缺一','2019-12-31','土味情话'),(1641,'猪撞树上了，你撞我心里了。','2019-12-31','土味情话'),(1642,'你的笑宛若夏日清晨的阳光透过树叶间隙洒满心间','2019-12-31','土味情话'),(1643,'爱人，一定要适合的，因为那是一辈子相互扶持的柴米油盐。','2019-12-31','土味情话'),(1644,'两情若是长久时，又岂在朝朝暮暮？错，一天不见你，那都是度日如年','2019-12-31','土味情话'),(1645,'你是我患得患失的梦，我是你可有可无的人。','2019-12-31','土味情话'),(1646,'今天的天空是淡山茱萸粉的颜色，就像初次见你时，你的笑是我不曾见过的世外桃源','2019-12-31','土味情话'),(1647,'请在我走投无路之际 予我忠诚与回眸 为了再爱一次 我愿意走投无路 我愿意再被孤独追杀一百次一万次 即使你是我避无可避的遭遇 和即将永远的失去','2019-12-31','土味情话'),(1648,'你猜我喜欢什么制服，被你制服。','2019-12-31','土味情话'),(1649,'幸得识君桃花面，从此阡陌多暖春。','2019-12-31','土味情话'),(1650,'要是世上只有我们两个人多么好，我一定要把你欺负得哭不出来。','2019-12-31','土味情话'),(1651,'我从不喜欢迁就，却用最干净的真心为你妥协了很久。','2019-12-31','土味情话'),(1652,'你知道我为什么会感冒吗？因为见到你就没有抵抗力呀，我爱你。','2019-12-31','土味情话'),(1653,'我也想遇见一个人，为他花开满城，为他明灯三千。','2019-12-31','土味情话'),(1654,'秋天来了，你出现了，我心动了','2019-12-31','土味情话'),(1655,'你是往日的情书，是日落的余情未了，是路人脚下不停生长的风，也是我喜欢的人。','2019-12-31','土味情话'),(1656,'如果可以的话请让我把你打到骨折，这样我就可以赔你一辈子了。','2019-12-31','土味情话'),(1657,'双木非林，田下有心','2019-12-31','土味情话'),(1658,'眼睛里，有2.8万个你。可能我是只蜻蜓吧，不然怎么会在清晨吻你？','2019-12-31','土味情话'),(1659,'如果说恨你是我前世的情仇，那么就让我爱你化成今世的情愁——浪情','2019-12-31','土味情话'),(1660,'你不用担心，我会帮你搞定我妈。','2019-12-31','土味情话'),(1661,'猜猜我的心在哪边？左边错了，在你那边。','2019-12-31','土味情话'),(1662,'无论是被人怨恨也好，被人讨厌也好，就算身体里的血液全部流尽也好，舍弃掉我所拥有的一切也好。就算要与全世界为敌，只要和你在一起，我就是幸福的。','2019-12-31','土味情话'),(1663,'你能不能别说话了。”“我没有啊。”“那为什么我满脑子都是你的声音','2019-12-31','土味情话'),(1664,'我不知道该说什么，只是突然在这一刻很想你。','2019-12-31','土味情话'),(1665,'你喜欢我是始料未及的欢愉，你不喜欢我是万物如常的命理。','2019-12-31','土味情话'),(1666,'房产证写你名字，我妈会游泳，难产保大，余生多指教。','2019-12-31','土味情话'),(1667,'我们都是世上多余的人，但至少我们对于彼此都是世界最重要的人。','2019-12-31','土味情话'),(1668,'真想当个医生啊，这样就能听听你的心里话了。','2019-12-31','土味情话'),(1669,'入目无别人 四下皆是你','2019-12-31','土味情话'),(1670,'我想你，现在一定很忙所以你只需要看前三个字就好。','2019-12-31','土味情话'),(1671,'我的快乐即是爱你，我的安慰即是思念你，你愿不愿待我好则非我所愿计及。','2019-12-31','土味情话'),(1672,'这一世，你是冰冷的永磁体，而我是你沟通世界的两极，纵你已粉身碎骨，我亦不离不弃……','2019-12-31','土味情话'),(1673,'我还是爱你，就像风走了八万里，不问归期。','2019-12-31','土味情话'),(1674,'但愿来生我们终日在一起，每天每天从早晨口角到夜深，恨不得大家走开。','2019-12-31','土味情话'),(1675,'这一辈子，还有没有可能，会有一个人，因为一句你想他，不远万里，不为别的，只为看看你。','2019-12-31','土味情话'),(1676,'最近都忙着学雷锋呢，你也做个好事帮我洗个东西吧，洗欢我','2019-12-31','土味情话'),(1677,'你眉目笑语使我病了一场，热势退尽，还我寂寞的健康。','2020-01-01','彩虹屁'),(1678,'不要愁老之将至，你老了一定很可爱。而且，假如你老了十岁，我当然也同样老了十岁，世界也老了十岁，上帝也老了十岁，一切都是一样。','2020-01-01','土味情话'),(1679,'莺莺燕燕，不过浮生一梦。遗世独立，不如烂醉花间。','2020-01-01','土味情话'),(1680,'你是我最想和全世界炫耀却又最舍不得和别人分享的人','2020-01-01','土味情话'),(1681,'你辛苦归辛苦，什么时候有空嫁给我。','2020-01-01','土味情话'),(1682,'我爬上了门，打开楼梯。穿上祷告，说完了睡衣，然后关了床，钻上灯。全都因为你吻了我一个晚安。','2020-01-01','土味情话'),(1683,'做腻了可爱的女孩子，我有点想做你的太太。','2020-01-01','土味情话'),(1684,'让我陪你去看匆匆人海，听平凡一生','2020-01-01','土味情话'),(1685,'多喝热水','2020-01-01','土味情话'),(1686,'你是我故事里的一往情深。','2020-01-01','土味情话'),(1687,'亲爱的，容我轻轻咬耳，遇见你便寻到了春天！','2020-01-01','土味情话'),(1688,'我爱你，遇到你要把所有鲜花都给你','2020-01-01','土味情话'),(1689,'本是青灯不归客，却因浊酒流风尘','2020-01-01','土味情话'),(1690,'现在几点了？是我们幸福的起点。','2020-01-01','土味情话'),(1691,'和你在一起，我变得随心所欲，不再战战兢兢，担心忧虑。','2020-01-01','土味情话'),(1692,'下雪了，我们不要伞，是不是可以一起走到白头。','2020-01-01','土味情话'),(1693,'倘若不是日有所思，哪里来的夜长梦多啊。 ​​​​','2020-01-01','土味情话'),(1694,'我发觉你今天有点怪，怪好看的。','2020-01-01','土味情话'),(1695,'惊鸿只一瞥，爱到死方休。','2020-01-01','土味情话'),(1696,'我生在南方，活在南方，栽在你手里，总算是去过不一样的地方。','2020-01-01','土味情话'),(1697,'你是人间触手可及的笑意，是我无法言喻的欢愉','2020-01-01','土味情话'),(1698,'每个人都是一座孤岛，而你是通往我的孤岛的那一艘船。','2020-01-01','土味情话'),(1699,'郎心自有一双脚，隔山隔海会归来','2020-01-01','土味情话'),(1700,'前世的五百次回眸换得今生的一次擦肩而过，我用一千次回眸换得今生在你面前的驻足停留。','2020-01-01','土味情话'),(1701,'你喜欢喝水吗？那你已经喜欢上70%的我了。','2020-01-01','土味情话'),(1702,'疏窗细雨，夜夜孤灯。','2020-01-01','土味情话'),(1703,'你露出笑容的话，那么我也是一样笑着的吧……♪','2020-01-01','土味情话'),(1704,'你知道你和星星有什么区别吗？那就是星星在天上，而你在我心里','2020-01-01','土味情话'),(1705,'等你心里的树结果了，能不能邀请我去当一次牛顿呢。','2020-01-01','土味情话'),(1706,'你是我的一切，而别人只不过是从我生命边上轻轻擦过的路人','2020-01-01','土味情话'),(1707,'听闻小姐姐治家有方，余生愿闻其详','2020-01-01','土味情话'),(1708,'在我们的人生路上，你不是沉重的包袱，而是甜蜜的行囊，背着你到天长地久，永远都是累并快乐着。','2020-01-01','土味情话'),(1709,'我酒和故事都没有，只有一身孤独，我是个傻子，傻到认为你喜欢我。','2020-01-01','土味情话'),(1710,'你见过凌晨两点的太阳吗？见过，噩梦醒来身旁你熟睡的脸。','2020-01-01','土味情话'),(1711,'姑娘我想我们合二为一，尽情享受人间仙境','2020-01-01','土味情话'),(1712,'猜猜我的心在哪边？左边错了，在你那边。','2020-01-01','土味情话'),(1713,'在所有的道别里，还是最喜欢明天见。','2020-01-01','土味情话'),(1714,'你能不能别说话了。”“我没有啊。”“那为什么我满脑子都是你的声音','2020-01-01','土味情话'),(1715,'你看过的所有风景都与我无关，我看过的所有风景都与你相关。','2020-01-01','土味情话'),(1716,'我爱你就是这样的不讲道理','2020-01-01','土味情话'),(1717,'最近有谣言说我喜欢你，我要澄清一下，那不是谣言。','2020-01-01','土味情话'),(1718,'我愿将我余生燃烧，暖你未来的路。','2020-01-01','土味情话'),(1719,'如果一千个人从我身边走过，我也可以听出你的脚步声，因为九百九十九个人都只是踩在地上，只有你踏在我心上。','2020-01-01','土味情话'),(1720,'星光不问赶路人，岁月不负有心人','2020-01-01','土味情话'),(1721,'我好像已经爱上了这片森林','2020-01-01','土味情话'),(1722,'不好意思，刚我对其他人动了心，因为她，很像你','2020-01-01','土味情话'),(1723,'你的口红我包了，但以后记得每天还我一点点。','2020-01-01','土味情话'),(1724,'我听过最暖心的一句情话是：“你不用刻意去改变自己，我来适应你就好了。”','2020-01-01','土味情话'),(1725,'你牵动了我心脏的每个部分','2020-01-01','土味情话'),(1726,'你以后走路能不能看着点啊，都撞在我心上了。','2020-01-01','土味情话'),(1727,'我看见了我们的未来','2020-01-01','土味情话'),(1728,'希望今天的梦里有 酸奶蛋糕草莓薯条还有你','2020-01-02','彩虹屁'),(1729,'谁问去往你心里的路该怎么走','2020-01-02','土味情话'),(1730,'你是我不及的梦。','2020-01-02','土味情话'),(1731,'生命那么短，世界那么乱，我不想争吵，不想冷战，不愿和你有一秒遗憾。','2020-01-02','土味情话'),(1732,'足够用心 才足够特别','2020-01-02','土味情话'),(1733,'我愿意为你患得患失','2020-01-02','土味情话'),(1734,'你是我临死前，拔掉氧气罐，想吻的人；','2020-01-02','土味情话'),(1735,'我喜欢你，漫山遍野的那种。','2020-01-02','土味情话'),(1736,'我想到你的房间去看月亮。','2020-01-02','土味情话'),(1737,'给你一支口红，以后每天还我一点就好了','2020-01-02','土味情话'),(1738,'我要你知道，这个世界上有一个人会永远等着你。无论是在什么时候，无论你在什么地方，反正你知道总会有这样一个人。','2020-01-02','土味情话'),(1739,'如果有一天我穿上西装成为别人的新郎，我绝口不提当年的疯狂；如果有一天你穿上婚纱成为别人的新娘，娶你依旧是我最初的梦想。','2020-01-02','土味情话'),(1740,'把手伸出来，这是我心房的钥匙，拿好','2020-01-02','土味情话'),(1741,'我发现昨天很喜欢你，今天也很喜欢你，而且有预感明天也会喜欢你。','2020-01-02','土味情话'),(1742,'我爱你也许并不为什么理由，虽然可以有理由，例如你聪明，你纯洁，你可爱，你是好人等，但主要的原因大概是你全然适合我的趣味。因此你仍知道我是自私的，故不用感激我。','2020-01-02','土味情话'),(1743,'你不用多好，我喜欢你就好，我没有很好，你不嫌弃就好。','2020-01-02','土味情话'),(1744,'是福不是祸，是你老婆躲不过。','2020-01-02','土味情话'),(1745,'原谅我太贪心，陪了你情窦初开，还想陪你两鬓斑白。','2020-01-02','土味情话'),(1746,'多喝热水','2020-01-02','土味情话'),(1747,'他对她说，他依然爱她，和过去一样，至死不渝','2020-01-02','土味情话'),(1748,'你震动五万里远的声带，我颤动五万里远的心脏。','2020-01-02','土味情话'),(1749,'我想去取一下东西，你等一下，我来娶你了。','2020-01-02','土味情话'),(1750,'晚是世界的晚，安是有你的安','2020-01-02','土味情话'),(1751,'你是书吗，怎么越看越想睡。','2020-01-02','土味情话'),(1752,'生活很苦，眼泪很咸；生活很苦，但你很甜','2020-01-02','土味情话'),(1753,'（嗅嗅）你一来空气都变甜了呢','2020-01-02','土味情话'),(1754,'你看过的所有风景都与我无关，我看过的所有风景都与你相关。','2020-01-02','土味情话'),(1755,'万圣节的晚上，所有人都在本色出演着穷鬼和色鬼。我却还幻想着什么时候，才能够成为你的死鬼','2020-01-02','土味情话'),(1756,'我以前喜欢吃肉，但今天看到你我决定开始吃素，因为，你是我的菜。','2020-01-02','土味情话'),(1757,'我有两个可爱之处你知道吗 ？一个是我可爱，另一个是我可爱你了。','2020-01-02','土味情话'),(1758,'人间不值得，但你值得。','2020-01-02','土味情话'),(1759,'苦海无涯，回… 回头是我呀。','2020-01-02','土味情话'),(1760,'情书是我抄的，但喜欢你是真的。','2020-01-02','土味情话'),(1761,'被你赞过的朋友圈，叫甜甜圈。','2020-01-02','土味情话'),(1762,'我用一千次回眸换得今生在你面前的驻足停留。','2020-01-02','土味情话'),(1763,'你是我自罚三杯，都不肯开口的秘密；','2020-01-02','土味情话'),(1764,'你喜欢喝水吗？那你已经喜欢上70%的我了。','2020-01-02','土味情话'),(1765,'用铁做的门叫铁门，用木做的门叫木门，用幸福做的门叫什么门？叫我们','2020-01-02','土味情话'),(1766,'知道我和唐僧什么区别吗 唐僧取经我娶你','2020-01-02','土味情话'),(1767,'你想我了吗？你都不想我，可我好想你。','2020-01-02','土味情话'),(1768,'我不喜欢喝酒，除了和你的天长地久','2020-01-02','土味情话'),(1769,'这世间的长情莫过于你和我挽手余生','2020-01-02','土味情话'),(1770,'我不担心时光流逝，只因我坚信有你的日子将会越来越幸福，只到未来的某一天你我携手离开人世，我们的幸福将会达到巅峰。','2020-01-02','土味情话'),(1771,'你来时冬至，但眉上风止','2020-01-02','土味情话'),(1772,'直到遇见你我才知道画龙点睛的真正含义','2020-01-02','土味情话'),(1773,'麻烦你笑一下，我的咖啡忘加糖了。','2020-01-02','土味情话'),(1774,'幸得识君桃花面，从此阡陌多暖春。','2020-01-02','土味情话'),(1775,'一直以来，我总是依赖于你的温柔。因为和你相遇，我的梦想才能够实现。所以这次轮到我帮你实现梦想了。','2020-01-02','土味情话'),(1776,'你不知道在遇见你之前，我的世界天天都有雾霾，遇到你以后，他变得晴空万里','2020-01-02','土味情话'),(1777,'糟糕，是心动的感觉。','2020-01-02','土味情话'),(1778,'如果你不怕麻烦的话，可以麻烦喜欢我一下吗？','2020-01-02','土味情话'),(1779,'什么是心安，你就是答案','2020-01-03','彩虹屁'),(1780,'喜欢，就是知道对方最好的一面而喜欢他；爱，就是明知对方最差的一面，却仍然爱得义无反顾。','2020-01-03','土味情话'),(1781,'回眸一笑百媚生，可惜不是你不是你。','2020-01-03','土味情话'),(1782,'不要愁老之将至，你老了一定很可爱。而且，假如你老了十岁，我当然也同样老了十岁，世界也老了十岁，上帝也老了十岁，一切都是一样。','2020-01-03','土味情话'),(1783,'秋天该很好，你若尚在场，秋风即使带凉，亦漂亮。','2020-01-03','土味情话'),(1784,'我还是爱你，就像风走了八万里，不问归期。','2020-01-03','土味情话'),(1785,'啊我的钱包掉了，你可以帮我管管钱吗？这样我就不用买新的了','2020-01-03','土味情话'),(1786,'我想要在茅亭里看雨、假山边看蚂蚁，看蝴蝶恋爱，看蜘蛛结网，看水，看船，看云，看瀑布，看你甜甜地睡觉。','2020-01-03','土味情话'),(1787,'告诉你，一想到你，我这张丑脸上就泛起微笑','2020-01-03','土味情话'),(1788,'春花秋月，夏蝉冬雪，如逢卿颜，万迹踪灭','2020-01-03','土味情话'),(1789,'要是世上只有我们两个人多么好，我一定要把你欺负得哭不出来。','2020-01-03','土味情话'),(1790,'在下~~~，愿闻姑娘芳名，愿为姑娘良配。','2020-01-03','土味情话'),(1791,'我感觉今天你怪怪的。怪可爱的','2020-01-03','土味情话'),(1792,'生活很苦，眼泪很咸；生活很苦，但你很甜','2020-01-03','土味情话'),(1793,'没遇见你之前我是白纸，遇见你我就成灰了，因为你就是我心中的一团火','2020-01-03','土味情话'),(1794,'想说些漂亮的话哄你，但想来想去最漂亮的只有你。','2020-01-03','土味情话'),(1795,'我和你除了恋爱没什么好谈的。','2020-01-03','土味情话'),(1796,'每天微信运动告诉我你今天走了多少步，却没有一步是走向我的','2020-01-03','土味情话'),(1797,'如果你前女友和现女友同时掉到水里，我可以做你女朋友吗？','2020-01-03','土味情话'),(1798,'山本无忧，因雪白头。水本无忧，因风起皱。我本无心，因你相思','2020-01-03','土味情话'),(1799,'我要是再漂亮一点，悄悄看你时，目光就不会闪躲了。','2020-01-03','土味情话'),(1800,'我从未拥有过你一秒钟，心里却失去过你千万次。','2020-01-03','土味情话'),(1801,'你是我的星河明月','2020-01-03','土味情话'),(1802,'我也想遇见一个人，为他花开满城，为他明灯三千。','2020-01-03','土味情话'),(1803,'你能不能别说话了。”“我没有啊。”“那为什么我满脑子都是你的声音','2020-01-03','土味情话'),(1804,'你就像破晓的那一束光，驱散了笼罩我的黑夜，至此，光芒万丈','2020-01-03','土味情话'),(1805,'你可以帮我个忙么？什么忙？帮忙快点爱上我。','2020-01-03','土味情话'),(1806,'我觉得你特像一款游戏，我的世界。','2020-01-03','土味情话'),(1807,'莫文蔚的阴天，孙燕姿的雨天，周杰伦的晴天，都不如你和我聊天。','2020-01-03','土味情话'),(1808,'为了在你的眼睛里不再看到别的，只看到我对你的想像，只看到你的形象中的世界，还有你眼中的日日夜夜。','2020-01-03','土味情话'),(1809,'从遇见你的那一天起，我所走的每一步都是为了更接近你。','2020-01-03','土味情话'),(1810,'你有没有闻到什么烧焦的味道？那是我的心在燃烧。','2020-01-03','土味情话'),(1811,'做腻了可爱的女孩子，我有点想做你的太太。','2020-01-03','土味情话'),(1812,'我可以不为别人难过，但你不是别人，你是我的人。','2020-01-03','土味情话'),(1813,'你不觉得累吗？你已经在我的世界里跑了好几圈了','2020-01-03','土味情话'),(1814,'“三十岁是个坎？意思是过了30一切就好起来了是吧？”“意思是过了30岁，生活就结束前戏，开始狠狠操你了。”','2020-01-03','土味情话'),(1815,'你来时冬至，但眉上风止','2020-01-03','土味情话'),(1816,'我好像已经爱上了这片森林','2020-01-03','土味情话'),(1817,'我愿意舍弃一切，以想念你终此一生。','2020-01-03','土味情话'),(1818,'我从不后悔一直喜欢你，那些孤独枯燥的时光岁月，因为你而变得温柔。','2020-01-03','土味情话'),(1819,'我解过那么多数学题，可是我却解不开你的。','2020-01-03','土味情话'),(1820,'情书是我抄的，但喜欢你是真的。','2020-01-03','土味情话'),(1821,'我一天一天明白你的平凡，同时却一天一天愈更深切地爱你。你如照镜子，你不会看得见你特别好的所在，但你如走进我的心里来时，你一定能知道自己是怎样好法。','2020-01-03','土味情话'),(1822,'希望你快快地爱上一个人，让那个人欺负你，如同你欺负我一样。','2020-01-03','土味情话'),(1823,'你的嘴真好看，特别适合说我爱你。','2020-01-03','土味情话'),(1824,'我可以等你一个夏天，想陪你一起看晚霞，再等你一个秋天，想陪你一起看落叶，到了冬天，你一定要来。','2020-01-03','土味情话'),(1825,'没有树的地方是沙漠，没有你的地方是寂寞。','2020-01-03','土味情话'),(1826,'今天的天空是淡山茱萸粉的颜色，就像初次见你时，你的笑是我不曾见过的世外桃源','2020-01-03','土味情话'),(1827,'我想和你互相浪费，一起虚度短的沉默，长的无意义，一起消磨精致而苍老的宇宙。','2020-01-03','土味情话'),(1828,'终会有人把你捧在心尖上，喜欢你喜欢的像个傻子，终会有人保护好你的少女心，让你再次相信爱情。','2020-01-03','土味情话'),(1829,'赠卿春绿夏黄秋红，余生卿欠我白首','2020-01-03','土味情话');
/*!40000 ALTER TABLE `api_coll_data` ENABLE KEYS */;
UNLOCK TABLES;

--
-- Table structure for table `users`
--

DROP TABLE IF EXISTS `users`;
/*!40101 SET @saved_cs_client     = @@character_set_client */;
 SET character_set_client = utf8mb4 ;
CREATE TABLE `users` (
  `id` varchar(64) CHARACTER SET utf8mb4 COLLATE utf8mb4_unicode_ci NOT NULL,
  `username` varchar(20) CHARACTER SET utf8mb4 COLLATE utf8mb4_unicode_ci NOT NULL COMMENT '用户名',
  `password` varchar(64) CHARACTER SET utf8mb4 COLLATE utf8mb4_unicode_ci NOT NULL COMMENT '密码',
  `face_image` varchar(255) CHARACTER SET utf8mb4 COLLATE utf8mb4_unicode_ci DEFAULT NULL COMMENT '我的头像，如果没有默认给一张',
  `nickname` varchar(20) CHARACTER SET utf8mb4 COLLATE utf8mb4_unicode_ci NOT NULL COMMENT '昵称',
  `fans_counts` int(11) DEFAULT '0' COMMENT '我的粉丝数量',
  `follow_counts` int(11) DEFAULT '0' COMMENT '我关注的人总数',
  `receive_like_counts` int(11) DEFAULT '0' COMMENT '我接受到的赞美/收藏 的数量',
  PRIMARY KEY (`id`),
  UNIQUE KEY `id` (`id`),
  UNIQUE KEY `username` (`username`)
) ENGINE=InnoDB DEFAULT CHARSET=utf8mb4 COLLATE=utf8mb4_unicode_ci;
/*!40101 SET character_set_client = @saved_cs_client */;

--
-- Dumping data for table `users`
--

LOCK TABLES `users` WRITE;
/*!40000 ALTER TABLE `users` DISABLE KEYS */;
INSERT INTO `users` VALUES ('1001','test-imooc-1111','9999','/path000999','慕课网好牛十分牛~',123456,111,222),('180425B0B3N6B25P','imooc11','wzNncBURtPYCDsYd7TUgWQ==',NULL,'imooc',0,0,0),('180425BNSR1CG0H0','abc','4QrcOUm6Wau+VuBX8g+IPg==',NULL,'abc',0,0,0),('180425CFA4RB6T0H','imooc','kU8h64TG/bK2Y91vRT9lyg==','/180425CFA4RB6T0H/face/wxa2049f5aead89372.o6zAJs5sm5bPFcTzKXp_5wXsWuso.W0eLNdT6MIvD3ba01f74ba779caa63d038c3c8200b4a.jpg','imooc1',0,2,6),('180426F4D35R04X4','aaa','R7zlx09Yn0hn29V+nKn4CA==',NULL,'aaa',0,0,0),('180426F55CZPA9YW','aaaa','R7zlx09Yn0hn29V+nKn4CA==',NULL,'aaaa',0,0,0),('180426GA3SBB4DP0','1001','bfw1xHdW6WLvBV0QSfH47A==',NULL,'1001',0,0,0),('180426GAK87AB0X4','10401','bfw1xHdW6WLvBV0QSfH47A==',NULL,'10401',0,0,0),('180426GAWCC17KWH','104701','bfw1xHdW6WLvBV0QSfH47A==',NULL,'104701',0,0,0),('180426GBDFKDG5D4','10re4701','bfw1xHdW6WLvBV0QSfH47A==',NULL,'10re4701',0,0,0),('180426GBKN0YRFRP','10rwee4701','bfw1xHdW6WLvBV0QSfH47A==',NULL,'10rwee4701',0,0,0),('180426GH49XRZHX4','390213890','H9V/tnfgt6nniqH5bDZ0hQ==',NULL,'390213890',0,0,0),('180426GHH12WXPZC','390ewqewq213890','H9V/tnfgt6nniqH5bDZ0hQ==',NULL,'390ewqewq213890',0,0,0),('180426GHHPZ7NTC0','390ewqewq21ewqe3890','H9V/tnfgt6nniqH5bDZ0hQ==',NULL,'390ewqewq21ewqe3890',0,0,0),('180426H0GWP0C3HH','jdiowqjodij','wEmTz54sy+StEzB+TrtGSQ==',NULL,'jdiowqjodij',0,0,0),('180518CHS7SXMCX4','aaaaa','WU+AOzgKQTlu1j3KOVA1Qg==',NULL,'aaaaa',0,0,0),('180518CKMAAM5TXP','abc123','6ZoYxCjLONXyYIU2eJIuAw==','/180518CKMAAM5TXP/face/wxa2049f5aead89372.o6zAJs5sm5bPFcTzKXp_5wXsWuso.Q27j7DxNKKk07adf242959818c45238b8f11b64cc255.png','abc123',0,0,1),('190904HC45M49GR4','wxuser','4QrcOUm6Wau+VuBX8g+IPg==',NULL,'string',0,0,0),('190905H972465P00','abcd','ICy5YqxZB1uWSwcVLSNLcA==',NULL,'abcd',0,2,0),('190905HA90K64T54','abcd1','ICy5YqxZB1uWSwcVLSNLcA==',NULL,'abcd1',0,0,0),('1912057G5W3X19GC','123','ICy5YqxZB1uWSwcVLSNLcA==',NULL,'123',0,0,0);
/*!40000 ALTER TABLE `users` ENABLE KEYS */;
UNLOCK TABLES;

--
-- Current Database: `tensquare_blog`
--

/*!40000 DROP DATABASE IF EXISTS `tensquare_blog`*/;

CREATE DATABASE /*!32312 IF NOT EXISTS*/ `tensquare_blog` /*!40100 DEFAULT CHARACTER SET utf8 */ /*!80016 DEFAULT ENCRYPTION='N' */;

USE `tensquare_blog`;

--
-- Table structure for table `tb_article`
--

DROP TABLE IF EXISTS `tb_article`;
/*!40101 SET @saved_cs_client     = @@character_set_client */;
 SET character_set_client = utf8mb4 ;
CREATE TABLE `tb_article` (
  `id` varchar(20) NOT NULL COMMENT 'ID',
  `userid` varchar(20) DEFAULT NULL COMMENT '用户ID',
  `title` varchar(100) DEFAULT NULL COMMENT '标题',
  `summary` text COMMENT '摘要',
  `content` longtext COMMENT '文章正文',
  `textcontent` longtext COMMENT '文章纯文本',
  `image` varchar(200) DEFAULT NULL COMMENT '文章封面',
  `createtime` datetime DEFAULT NULL COMMENT '发表日期',
  `updatetime` datetime DEFAULT NULL COMMENT '修改日期',
  `ispublic` varchar(1) DEFAULT NULL COMMENT '是否公开',
  `istop` varchar(1) DEFAULT NULL COMMENT '是否置顶',
  `visits` int(20) DEFAULT NULL COMMENT '浏览量',
  `thumbup` int(20) DEFAULT NULL COMMENT '点赞数',
  `comment` int(20) DEFAULT NULL COMMENT '评论数',
  `state` varchar(1) DEFAULT NULL COMMENT '审核状态',
  `categoryid` varchar(20) DEFAULT NULL COMMENT '所属类型',
  `category_name` varchar(20) DEFAULT NULL COMMENT '类型名称',
  `url` varchar(100) DEFAULT NULL COMMENT 'URL',
  `type` varchar(1) DEFAULT NULL COMMENT '类型（原创、转载、翻译）',
  PRIMARY KEY (`id`)
) ENGINE=InnoDB DEFAULT CHARSET=utf8 COMMENT='文章';
/*!40101 SET character_set_client = @saved_cs_client */;

--
-- Dumping data for table `tb_article`
--

LOCK TABLES `tb_article` WRITE;
/*!40000 ALTER TABLE `tb_article` DISABLE KEYS */;
INSERT INTO `tb_article` VALUES ('1142303057879633920','1145697086432481280','IDEA生成java说明文档','本章内容通过Nginx 和 FTP 搭建图片服务器。在学习本章内容前，请确保您的Linux 系统已经安装了Nginx和Vsftpd。Nginx 安装http://www.cnblogs.com/itdragon/p/7850985.htmlVsftpd 安装http://www.cnblogs.com/itdragon/p/7857649.html','<h3>docker_fastdfs 分布式文件服务器单机版搭建</h3>\n\n<hr/>\n\n<ol><li>拉取镜像并启动\n<code>bash\ndocker run -d --privileged=true \\\n--net=host --name=fastdfs \\\n-e IP=132.232.104.247 -e WEB_PORT=9999 \\\n-v /server/fastdfs:/var/local/fdfs \\\nregistry.cn-beijing.aliyuncs.com/tianzuo/fastdfs\n</code></li></ol>\n\n<p>如果需要每次重新启动,  使用这个命令，加上 --restart=always\n<code>bash\n    docker run -d --privileged=true \\\n    --restart=always \\\n    --net=host --name=fastdfs \\\n    -e IP=132.232.104.247 -e WEB_PORT=9999 \\\n    -v /server/fastdfs:/var/local/fdfs \\\n    registry.cn-beijing.aliyuncs.com/tianzuo/fastdfs\n</code>\n<em> -e IP=132.232.104.247 是服务器的公网ip\n</em> -e WEB_PORT=9999 指定镜像中集成的nginx的端口，后面是用来访问图片或者文件\n* -v /server/fastdfs:/var/local/fdfs 挂载容器中存储文件的目录</p>\n\n<ol><li><p>容器启动之后：进行测试： \n<code>bash\n进入容器\ndocker exec -it fastdfs /bin/bash\n</code>\n<code>bash\n创建文件\necho &quot;Hello FastDFS!&quot;&gt;index.html\n</code>\n<code>bash\n上传文件,会返回上传文件的路径 一般是: /group1/M00/00 这种的\nfdfs_test /etc/fdfs/client.conf upload index.html\n</code></p></li><li><p>在浏览器访问 ip:port/path <br/>ip: 就是服务器公网ip <br/>port: 是run docker时指定的-e WEB_PORT指定的port\npath: 是上传文件之后返回的路径</p></li></ol>\n\n<hr/>\n\n<p>TODO 后面整理 springboot集成 fastdfs\n1. 两种pom依赖：\n<code>java\n&lt;dependency&gt;\n    &lt;groupId&gt;com.luhuiguo&lt;/groupId&gt;\n    &lt;artifactId&gt;fastdfs-spring-boot-starter&lt;/artifactId&gt;\n    &lt;version&gt;0.2.0&lt;/version&gt;\n&lt;/dependency&gt;\n</code></p>\n\n<p><code>java\n&lt;dependency&gt;\n    &lt;groupId&gt;com.github.tobato&lt;/groupId&gt;\n    &lt;artifactId&gt;fastdfs-client&lt;/artifactId&gt;\n    &lt;version&gt;1.26.2&lt;/version&gt;\n&lt;/dependency&gt;\n</code></p>\n\n<p>使用方式好像一样的   </p>\n\n<ul><li>[ ] springboot中集成fastdfs</li></ul>',NULL,'2019-06-22 13:27:27',NULL,NULL,NULL,'0',0,0,0,'1','1',NULL,'1',NULL),('1142308173135351808','2','这是一个标题','本章内容通过Nginx 和 FTP 搭建图片服务器。在学习本章内容前，请确保您的Linux 系统已经安装了Nginx和Vsftpd。Nginx 安装http://www.cnblogs.com/itdragon/p/7850985.htmlVsftpd 安装http://www.cnblogs.com/itdragon/p/7857649.html','1、打开 idea，点击 Tools-> Generate JavaDoc，这样会打开生成 javadoc 文档的配置页面。2、进行配置：标注的是重要的部分，从上往下分别是配置 javadoc 的范围，输出文件夹路径以及命令行参数。这里的命令行参数很重要，因为只有使用 utf-8 编码才能保证生成时可以正常处理中文字符，所以一定要加上：-encoding utf-8 -charset utf-81还可以配置那些注解需要生成，哪些权限类（private、package、protected、public）需要生成等等精细的控制。还有一点需要注意，即不要勾选“Include test sources”，勾选后，生成时会造成很奇怪的错误。3、配置好后，点击生成按钮，生成好后就会自动在浏览器打开进行查看咯，是不是很棒O(∩_∩)O~--------------------- 作者：deniro_li 来源：CSDN 原文：https://blog.csdn.net/deniro_li/article/details/71706267 版权声明：本文为博主原创文章，转载请附上博文链接！',NULL,'2019-06-22 13:47:46',NULL,NULL,NULL,'0',99,12,0,'6','1142309021223620608',NULL,'1',NULL),('1142308371337187328','1145697086432481280','spring boot的jar包的启动，停止脚本','一、背景 spring boot的项目越来越多的打包成jar包来启动了。 二、脚本封装 脚本名为jarboot.sh，该脚本能启','在开发过程中，经常需要和别的系统交换数据，数据交换的格式有XML、JSON等，JSON作为一个轻量级的数据格式比xml效率要高，XML需要很多的标签，这无疑占据了网络流量，JSON在这方面则做的很好，下面先看下JSON的格式，\n\nJSON可以有两种格式，一种是对象格式的，另一种是数组对象，\n\n{\"name\":\"JSON\",\"address\":\"北京市西城区\",\"age\":25}//JSON的对象格式的字符串\n \n\n[{\"name\":\"JSON\",\"address\":\"北京市西城区\",\"age\":25}]//数据对象格式\n\n从上面的两种格式可以看出对象格式和数组对象格式唯一的不同则是在对象格式的基础上加上了[]，再来看具体的结构，可以看出都是以键值对的形式出现的，中间以英文状态下的逗号（,）分隔。\n\n在前端和后端进行数据传输的时候这种格式也是很受欢迎的，后端返回json格式的字符串，前台使用js中的JSON.parse()方法把JSON字符串解析为json对象，然后进行遍历，供前端使用。\n\n下面进入正题，介绍在JAVA中JSON和java对象之间的互转。\n\n要想实现JSON和java对象之间的互转，需要借助第三方jar包，这里使用json-lib这个jar包，下载地址为：https://sourceforge.net/projects/json-lib/，json-lib需要commons-beanutils-1.8.0.jar、commons-collections-3.2.1.jar、commons-lang-2.5.jar、commons-logging-1.1.1.jar、ezmorph-1.0.6.jar五个包的支持，可以自行从网上下载，这里不再贴出下载地址。\n\njson-lib提供了几个类可以完成此功能，例，JSONObject、JSONArray。从类的名字上可以看出JSONObject转化的应该是对象格式的，而JSONArray转化的则应该是数组对象（即，带[]形式）的。\n\n一、java普通对象和json字符串的互转\n\n  java对象--》》字符串\n\njava普通对象指的是java中的一个java bean，即一个实体类，如，',NULL,'2019-06-22 13:48:33',NULL,NULL,NULL,'0',99,12,0,'3','6',NULL,'1',NULL),('1142308467445469184','2','整理了八个开源的 Spring Boot 学习资源','Spring Boot 算是目前 Java 领域最火的技术栈了，松哥年初出版的 《Spring Boot + Vue 全栈开发实战》迄今为止已','Linux安装ftp组件(8步完成)\n\n1 安装vsftpd组件\n\n[root@bogon ~]# yum -y install vsftpd\n \n安装完后，有/etc/vsftpd/vsftpd.conf 文件，是vsftp的配置文件。\n\n2 添加一个ftp用户\n\n[root@bogon ~]# useradd ftpuser\n \n此用户就是用来登录ftp服务器用的。 \n这样一个用户建完，可以用这个登录，记得用普通登录不要用匿名了。登录后默认的路径为 /home/ftpuser.\n\n3 给ftp用户添加密码。\n\n[root@bogon ~]# passwd ftpuser\n1\n输入两次密码后修改密码。\n\n4 防火墙开启21端口\n\n因为ftp默认的端口为21，而centos默认是没有开启的，所以要修改iptables文件\n\n[root@bogon ~]# vim /etc/sysconfig/iptables\n \n在行上面有22 -j ACCEPT 下面另起一行输入跟那行差不多的，只是把22换成21，然后：wq保存。\n\n还要运行下,重启iptables\n\n[root@bogon ~]# service iptables restart\n \n5 修改selinux\n\n外网是可以访问上去了，可是发现没法返回目录（使用ftp的主动模式，被动模式还是无法访问），也上传不了，因为selinux作怪了。 \n修改selinux： \n执行以下命令查看状态：\n\n[root@bogon ~]# getsebool -a | grep ftp  \n \nallow_ftpd_anon_write –> off \nallow_ftpd_full_access –> off \nallow_ftpd_use_cifs –> off \nallow_ftpd_use_nfs –> off \nftp_home_dir –> off \nftpd_connect_db –> off \nftpd_use_passive_mode –> off \nhttpd_enable_ftp_server –> off \ntftp_anon_write –> off \n[root@bogon ~]#\n\n执行上面命令，再返回的结果看到两行都是off，代表，没有开启外网的访问\n\n[root@bogon ~]# setsebool -P allow_ftpd_full_access on\n[root@bogon ~]# setsebool -P ftp_home_dir on\n \n这样应该没问题了（如果，还是不行，看看是不是用了ftp客户端工具用了passive模式访问了，如提示Entering Passive mode，就代表是passive模式，默认是不行的，因为ftp passive模式被iptables挡住了，下面会讲怎么开启，如果懒得开的话，就看看你客户端ftp是否有port模式的选项，或者把passive模式的选项去掉。如果客户端还是不行，看看客户端上的主机的电脑是否开了防火墙，关吧）\n\nFileZilla的主动、被动模式修改： \n菜单：编辑→设置 \n这里写图片描述\n\n6 关闭匿名访问\n\n修改/etc/vsftpd/vsftpd.conf文件：\n\n[root@bogon ~]# vim /etc/vsftpd/vsftpd.conf\n \n这里写图片描述\n\n重启ftp服务：\n\n[root@bogon ~]# service vsftpd restart\n \n7 开启被动模式\n\n默认是开启的，但是要指定一个端口范围，打开vsftpd.conf文件，在后面加上\n\npasv_min_port=30000\npasv_max_port=30999\n \n \n表示端口范围为30000~30999，这个可以随意改。改完重启一下vsftpd \n由于指定这段端口范围，iptables也要相应的开启这个范围，所以像上面那样打开iptables文件。 \n也是在21上下面另起一行，更那行差不多，只是把21 改为30000:30999,然后:wq保存，重启下iptables。这样就搞定了。\n\n8 设置开机启动vsftpd ftp服务\n\n \n\n文章转载于: https://blog.csdn.net/qq_36698956\n\n版权声明：博客对我来说是记忆的笔记和知识的分享~非常感谢博客大神的帮助，若有无意侵权，请您联系我，谢谢  https://blog.csdn.net/qq_36698956\n\n[root@bogon ~]# chkconfig vsftpd on\n',NULL,'2019-06-22 13:48:56',NULL,NULL,NULL,'0',99,12,0,'1','3','java','1',NULL),('1142308636702412800','1145697086432481280','spring boot 单体项目 集成 spring security 实现 登录认证 权限认证 jwt token认证','这篇博文讲述的是不集成oath，通过自己编写jwt 的 token 生成器 实现 spring security 的 登录权限token认证的','本文将用代码来演示在spring boot里面，用hadoop client，通过restful API来上传文件 和下载文件 到 hadoop hdfs。\n\n里面有一些代码依赖坑，注意绕行。\n\n前提：\n\n如果你的代码在windows上运行，去连接linux上的hadoop(2.7.x或者以上），则需要做一下设置。\n\n1：下载下面的windows hadoop\n\nhttps://github.com/steveloughran/winutils/tree/master/hadoop-2.8.1\n\n在整个目录下载下来，放到一个目录下，比如 D:\\thb\\tools\\hadoop-2.8.1-bin-master，然后设置环境变量\n\nHADOOP_HOME=D:\\thb\\tools\\hadoop-2.8.1-bin-master\n\nPATH=%PATH%;%HADOOP_HOME%\n\n如何设置请自行百度一下如何在windows里面设置系统环境变量。\n\n2：pom.xml (注意hadoop-client，commons-io，commons-fileupload版本，否则编译或者运行会报错）\n\n<dependencies>\n        <dependency>\n            <groupId>org.springframework.boot</groupId>\n            <artifactId>spring-boot-starter-web</artifactId>\n        </dependency>\n \n        <dependency>\n            <groupId>org.springframework.boot</groupId>\n            <artifactId>spring-boot-starter-test</artifactId>\n            <scope>test</scope>\n        </dependency>\n        <dependency>\n            <groupId>org.springframework.restdocs</groupId>\n            <artifactId>spring-restdocs-mockmvc</artifactId>\n            <scope>test</scope>\n        </dependency><dependency>\n            <groupId>net.sf.json-lib</groupId>\n            <artifactId>json-lib</artifactId>\n            <version>2.4</version>\n            <classifier>jdk15</classifier>\n        </dependency>\n        <dependency>\n            <groupId>commons-fileupload</groupId>\n            <artifactId>commons-fileupload</artifactId>\n            <version>1.3.3</version>\n        </dependency>\n        <dependency>\n            <groupId>commons-io</groupId>\n            <artifactId>commons-io</artifactId>\n            <version>2.6</version>\n        </dependency>\n        <dependency>\n            <groupId>org.apache.hadoop</groupId>\n            <artifactId>hadoop-client</artifactId>\n            <version>2.7.2</version>\n        </dependency>\n    </dependencies>\n代码如下\r\n--------------------- \r\n作者：大树叶 \r\n来源：CSDN \r\n原文：https://blog.csdn.net/bigtree_3721/article/details/81713162 \r\n版权声明：本文为博主原创文章，转载请附上博文链接！',NULL,'2019-06-22 13:49:37','2019-07-21 21:22:03','2019-07-21 21:21:32',NULL,'0',99,12,0,'1','5',NULL,'1',NULL),('1142309390188154880','1145697086432481280','spring boot jar部署 控制台 日志 乱码','spring boot jar部署 控制台 日志 乱码','注释掉或删除\n\n4、如果，不配置logback.xml，使用默认的配置，那么部署jar包，java -jar xxx.jar，代码中log变量输出的中文，乱码；如果，配置了logback.xml，但是charset使用UTF-8，那么中文依然乱码；只有使用logback.xml，且，charset删除掉，才能确保中文正常。 \n5、针对这个非常具体的问题，我尝试过，且无用的做法有，在pom的plugin–>spring-boot-maven-plugin–>configuration节点下增加-Dfile.encoding=UTF-8，无用；或者在运行.jar包时，增加参数-Dfile.encoding=UTF-8，依然无用。\r\n \r\n作者：leondryu \r\n来源：CSDN \r\n原文：https://blog.csdn.net/leondryu/article/details/81478114 \r\n版权声明：本文为博主原创文章，转载请附上博文链接！',NULL,'2019-06-22 13:52:36',NULL,NULL,NULL,'0',11,0,0,'4','1142309252610789376','python','1',NULL),('1142309737099038720','3','前端 UI 工程师的困境与破局','前端的发展太快了，应该怎么去追求深度学习而不是一味追求广度？当讨论前端 UI 工程师困境的时候，会立足、','早在 2000 年的时候我接触 PhotoShop 6.0，2003 年的时候我靠摸索做出了第一个网页，这也奠定了我的美工“出身”。我的职业生涯中有 3.5 年的时间在做 UI 相关的工作，对于这份工作优势劣势，困境与难处有些自己的见解。\n\n最近几年，在各种 JS 框架风生水起的大环境下，更是没有太多人愿意关注 UI 方面的东西，关注前端行业里这些对像素有特殊偏好的人了。我自己也有这样的趋势，当接触了更全面的研发流程之后，就很难保持对 UI 细节以及曾经追求的极致用户体验的关注度了。这或许也恰恰说明，对于某些类型的产品或某些阶段的产品来说，UI 细节没那么重要。而对于重视用户体验的用户体验设计部来说，隶属于设计部的编码人员也较难受到重视和提拔。\n\n这就是 UI 工程师的困境。我会在 2 周之内产出一篇 5000 字以上的文章，来与你共同探讨 UI 工程的困境和可能的改变方向，以及如何走出第一步的问题。\n\n实录提要：\n\n前端的发展太快了，应该怎么去追求深度学习而不是一味追求广度？\n当讨论前端 UI 工程师困境的时候，会立足以个体为主，还是以这个岗位群体为主？\n这次 512 的比特币勒索病毒会不会对前端浏览器兼容产生影响？\n怎么更好的学习应用基础布局及响应式布局？\n样式表现有问题如何调试？需要根据某些浏览器 hack，具体处理时除了经验还有什么好办法？\n后端开发者需要掌握哪些前端知识或技能？\n公司或者 leader 应该如何衡量一个偏科前端的价值呢？有比较合理的衡量标准吗？\n国内外 UI 方面有何差距？如何判断一套 UI 系统/框架的优劣？\n如何根据自身情况来针对某些东西做总结或计划？\n美的开发团队的工作方式是什么？',NULL,'2019-06-22 13:53:59',NULL,NULL,NULL,'0',33,32,0,'5','1147419061009911808','JS','1',NULL),('1147419057717383168','2','函数作为返回值输出','本期开始介绍 JavaScript 中的高阶函数，在 JavaScript 中，函数是一种特殊类型的对象，它们是 Function objects。那什么是高阶函数呢？本节将通过高阶函数的定义来展开介绍。','<p>高阶函数英文叫 Higher-order function，它的定义很简单，就是至少满足下列一个条件的函数：</p><ul><li>接受一个或多个函数作为输入</li><li>输出一个函数</li></ul><p>也就是说高阶函数是对其他函数进行操作的函数，可以将它们作为参数传递，或者是返回它们。 简单来说，高阶函数是一个接收函数作为参数传递或者将函数作为返回值输出的函数。</p><h2>函数作为参数传递</h2><p>JavaScript 语言中内置了一些高阶函数，比如 Array.prototype.map，Array.prototype.filter 和 Array.prototype.reduce，它们接受一个函数作为参数，并应用这个函数到列表的每一个元素。我们来看看使用它们与不使用高阶函数的方案对比。</p><h3>Array.prototype.map</h3><p><code style=\"background-color: rgba(27, 31, 35, 0.05);\">map()</code>&nbsp;方法创建一个新数组，其结果是该数组中的每个元素都调用一个提供的函数后返回的结果，原始数组不会改变。传递给 map 的回调函数（<code style=\"background-color: rgba(27, 31, 35, 0.05);\">callback</code>）接受三个参数，分别是 currentValue、index（可选）、array（可选），除了&nbsp;<code style=\"background-color: rgba(27, 31, 35, 0.05);\">callback</code>&nbsp;之外还可以接受 this 值（可选），用于执行&nbsp;<code style=\"background-color: rgba(27, 31, 35, 0.05);\">callback</code>&nbsp;函数时使用的<code style=\"background-color: rgba(27, 31, 35, 0.05);\">this</code>&nbsp;值。</p><p>来个简单的例子方便理解，现在有一个数组&nbsp;<code style=\"background-color: rgba(27, 31, 35, 0.05);\">[1, 2, 3, 4]</code>，我们想要生成一个新数组，其每个元素皆是之前数组的两倍，那么我们有下面两种使用高阶和不使用高阶函数的方式来实现。</p><h4>不使用高阶函数</h4><pre class=\"ql-syntax\" spellcheck=\"false\">// 木易杨\nconst arr1 = [1, 2, 3, 4];\nconst arr2 = [];\nfor (let i = 0; i &lt; arr1.length; i++) {\n  arr2.push( arr1[i] * 2);\n}\n\nconsole.log( arr2 );\n// [2, 4, 6, 8]\nconsole.log( arr1 );\n// [1, 2, 3, 4]\n</pre><h4>使用高阶函数</h4><pre class=\"ql-syntax\" spellcheck=\"false\">// 木易杨\nconst arr1 = [1, 2, 3, 4];\nconst arr2 = arr1.map(item =&gt; item * 2);\n\nconsole.log( arr2 );\n// [2, 4, 6, 8]\nconsole.log( arr1 );\n// [1, 2, 3, 4]\n</pre><h3>Array.prototype.filter</h3><p><code style=\"background-color: rgba(27, 31, 35, 0.05);\">filter()</code>&nbsp;方法创建一个新数组, 其包含通过提供函数实现的测试的所有元素，原始数组不会改变。接收的参数和 map 是一样的，其返回值是一个新数组、由通过测试的所有元素组成，如果没有任何数组元素通过测试，则返回空数组。</p><p>来个例子介绍下，现在有一个数组&nbsp;<code style=\"background-color: rgba(27, 31, 35, 0.05);\">[1, 2, 1, 2, 3, 5, 4, 5, 3, 4, 4, 4, 4]</code>，我们想要生成一个新数组，这个数组要求没有重复的内容，即为去重。</p><h4>不使用高阶函数</h4><pre class=\"ql-syntax\" spellcheck=\"false\">const arr1 = [1, 2, 1, 2, 3, 5, 4, 5, 3, 4, 4, 4, 4];\nconst arr2 = [];\nfor (let i = 0; i &lt; arr1.length; i++) {\n  if (arr1.indexOf( arr1[i] ) === i) {\n    arr2.push( arr1[i] );\n  }\n}\n\nconsole.log( arr2 );\n// [1, 2, 3, 5, 4]\nconsole.log( arr1 );\n// [1, 2, 1, 2, 3, 5, 4, 5, 3, 4, 4, 4, 4]\n</pre><h4>使用高阶函数</h4><pre class=\"ql-syntax\" spellcheck=\"false\">const arr1 = [1, 2, 1, 2, 3, 5, 4, 5, 3, 4, 4, 4, 4];\nconst arr2 = arr1.filter( (element, index, self) =&gt; {\n    return self.indexOf( element ) === index;\n});\n\nconsole.log( arr2 );\n// [1, 2, 3, 5, 4]\nconsole.log( arr1 );\n// [1, 2, 1, 2, 3, 5, 4, 5, 3, 4, 4, 4, 4]\n</pre><h3>Array.prototype.reduce</h3><p><code style=\"background-color: rgba(27, 31, 35, 0.05);\">reduce()</code>&nbsp;方法对数组中的每个元素执行一个提供的&nbsp;reducer&nbsp;函数(升序执行)，将其结果汇总为单个返回值。传递给 reduce 的回调函数（<code style=\"background-color: rgba(27, 31, 35, 0.05);\">callback</code>）接受四个参数，分别是累加器 accumulator、currentValue、currentIndex（可选）、array（可选），除了&nbsp;<code style=\"background-color: rgba(27, 31, 35, 0.05);\">callback</code>&nbsp;之外还可以接受初始值 initialValue 值（可选）。</p><ul><li>如果没有提供 initialValue，那么第一次调用&nbsp;<code style=\"background-color: rgba(27, 31, 35, 0.05);\">callback</code>&nbsp;函数时，accumulator 使用原数组中的第一个元素，currentValue 即是数组中的第二个元素。 在没有初始值的空数组上调用 reduce 将报错。</li><li>如果提供了 initialValue，那么将作为第一次调用&nbsp;<code style=\"background-color: rgba(27, 31, 35, 0.05);\">callback&nbsp;</code>函数时的第一个参数的值，即 accumulator，currentValue 使用原数组中的第一个元素。</li></ul><p>来个简单的例子介绍下，现在有一个数组&nbsp;<code style=\"background-color: rgba(27, 31, 35, 0.05);\">[0, 1, 2, 3, 4]</code>，需要计算数组元素的和，需求比较简单，来看下代码实现。</p><h4>不使用高阶函数</h4><pre class=\"ql-syntax\" spellcheck=\"false\">const arr = [0, 1, 2, 3, 4];\nlet sum = 0;\nfor (let i = 0; i &lt; arr.length; i++) {\n  sum += arr[i];\n}\n\nconsole.log( sum );\n// 10\nconsole.log( arr );\n// [0, 1, 2, 3, 4]\n</pre><h4>使用高阶函数</h4><h5>无 initialValue 值</h5><pre class=\"ql-syntax\" spellcheck=\"false\">const arr = [0, 1, 2, 3, 4];\nlet sum = arr.reduce((accumulator, currentValue, currentIndex, array) =&gt; {\n  return accumulator + currentValue;\n});\n\nconsole.log( sum );\n// 10\nconsole.log( arr );\n// [0, 1, 2, 3, 4]\n</pre><p>上面是没有 initialValue 的情况，代码的执行过程如下，callback 总共调用四次。</p><p>callbackaccumulatorcurrentValuecurrentIndexarrayreturn valuefirst call011[0, 1, 2, 3, 4]1second call122[0, 1, 2, 3, 4]3third call333[0, 1, 2, 3, 4]6fourth call644[0, 1, 2, 3, 4]10</p><h5>有 initialValue 值</h5><p>我们再来看下有 initialValue 的情况，假设 initialValue 值为 10，我们看下代码。</p><pre class=\"ql-syntax\" spellcheck=\"false\">const arr = [0, 1, 2, 3, 4];\nlet sum = arr.reduce((accumulator, currentValue, currentIndex, array) =&gt; {\n  return accumulator + currentValue;\n}, 10);\n\nconsole.log( sum );\n// 20\nconsole.log( arr );\n// [0, 1, 2, 3, 4]\n</pre><p><br></p>','高阶函数英文叫 Higher-order function，它的定义很简单，就是至少满足下列一个条件的函数：\n接受一个或多个函数作为输入\n输出一个函数\n也就是说高阶函数是对其他函数进行操作的函数，可以将它们作为参数传递，或者是返回它们。 简单来说，高阶函数是一个接收函数作为参数传递或者将函数作为返回值输出的函数。\n函数作为参数传递\nJavaScript 语言中内置了一些高阶函数，比如 Array.prototype.map，Array.prototype.filter 和 Array.prototype.reduce，它们接受一个函数作为参数，并应用这个函数到列表的每一个元素。我们来看看使用它们与不使用高阶函数的方案对比。\nArray.prototype.map\nmap() 方法创建一个新数组，其结果是该数组中的每个元素都调用一个提供的函数后返回的结果，原始数组不会改变。传递给 map 的回调函数（callback）接受三个参数，分别是 currentValue、index（可选）、array（可选），除了 callback 之外还可以接受 this 值（可选），用于执行 callback 函数时使用的this 值。\n来个简单的例子方便理解，现在有一个数组 [1, 2, 3, 4]，我们想要生成一个新数组，其每个元素皆是之前数组的两倍，那么我们有下面两种使用高阶和不使用高阶函数的方式来实现。\n不使用高阶函数\n// 木易杨\nconst arr1 = [1, 2, 3, 4];\nconst arr2 = [];\nfor (let i = 0; i < arr1.length; i++) {\n  arr2.push( arr1[i] * 2);\n}\n\nconsole.log( arr2 );\n// [2, 4, 6, 8]\nconsole.log( arr1 );\n// [1, 2, 3, 4]\n使用高阶函数\n// 木易杨\nconst arr1 = [1, 2, 3, 4];\nconst arr2 = arr1.map(item => item * 2);\n\nconsole.log( arr2 );\n// [2, 4, 6, 8]\nconsole.log( arr1 );\n// [1, 2, 3, 4]\nArray.prototype.filter\nfilter() 方法创建一个新数组, 其包含通过提供函数实现的测试的所有元素，原始数组不会改变。接收的参数和 map 是一样的，其返回值是一个新数组、由通过测试的所有元素组成，如果没有任何数组元素通过测试，则返回空数组。\n来个例子介绍下，现在有一个数组 [1, 2, 1, 2, 3, 5, 4, 5, 3, 4, 4, 4, 4]，我们想要生成一个新数组，这个数组要求没有重复的内容，即为去重。\n不使用高阶函数\nconst arr1 = [1, 2, 1, 2, 3, 5, 4, 5, 3, 4, 4, 4, 4];\nconst arr2 = [];\nfor (let i = 0; i < arr1.length; i++) {\n  if (arr1.indexOf( arr1[i] ) === i) {\n    arr2.push( arr1[i] );\n  }\n}\n\nconsole.log( arr2 );\n// [1, 2, 3, 5, 4]\nconsole.log( arr1 );\n// [1, 2, 1, 2, 3, 5, 4, 5, 3, 4, 4, 4, 4]\n使用高阶函数\nconst arr1 = [1, 2, 1, 2, 3, 5, 4, 5, 3, 4, 4, 4, 4];\nconst arr2 = arr1.filter( (element, index, self) => {\n    return self.indexOf( element ) === index;\n});\n\nconsole.log( arr2 );\n// [1, 2, 3, 5, 4]\nconsole.log( arr1 );\n// [1, 2, 1, 2, 3, 5, 4, 5, 3, 4, 4, 4, 4]\nArray.prototype.reduce\nreduce() 方法对数组中的每个元素执行一个提供的 reducer 函数(升序执行)，将其结果汇总为单个返回值。传递给 reduce 的回调函数（callback）接受四个参数，分别是累加器 accumulator、currentValue、currentIndex（可选）、array（可选），除了 callback 之外还可以接受初始值 initialValue 值（可选）。\n如果没有提供 initialValue，那么第一次调用 callback 函数时，accumulator 使用原数组中的第一个元素，currentValue 即是数组中的第二个元素。 在没有初始值的空数组上调用 reduce 将报错。\n如果提供了 initialValue，那么将作为第一次调用 callback 函数时的第一个参数的值，即 accumulator，currentValue 使用原数组中的第一个元素。\n来个简单的例子介绍下，现在有一个数组 [0, 1, 2, 3, 4]，需要计算数组元素的和，需求比较简单，来看下代码实现。\n不使用高阶函数\nconst arr = [0, 1, 2, 3, 4];\nlet sum = 0;\nfor (let i = 0; i < arr.length; i++) {\n  sum += arr[i];\n}\n\nconsole.log( sum );\n// 10\nconsole.log( arr );\n// [0, 1, 2, 3, 4]\n使用高阶函数\n无 initialValue 值\nconst arr = [0, 1, 2, 3, 4];\nlet sum = arr.reduce((accumulator, currentValue, currentIndex, array) => {\n  return accumulator + currentValue;\n});\n\nconsole.log( sum );\n// 10\nconsole.log( arr );\n// [0, 1, 2, 3, 4]\n上面是没有 initialValue 的情况，代码的执行过程如下，callback 总共调用四次。\ncallbackaccumulatorcurrentValuecurrentIndexarrayreturn valuefirst call011[0, 1, 2, 3, 4]1second call122[0, 1, 2, 3, 4]3third call333[0, 1, 2, 3, 4]6fourth call644[0, 1, 2, 3, 4]10\n有 initialValue 值\n我们再来看下有 initialValue 的情况，假设 initialValue 值为 10，我们看下代码。\nconst arr = [0, 1, 2, 3, 4];\nlet sum = arr.reduce((accumulator, currentValue, currentIndex, array) => {\n  return accumulator + currentValue;\n}, 10);\n\nconsole.log( sum );\n// 20\nconsole.log( arr );\n// [0, 1, 2, 3, 4]\n\n',NULL,'2019-07-06 16:16:38',NULL,NULL,NULL,0,0,0,'0','1147419061009911808','',NULL,'1'),('1147422694573215744','1145697086432481280','测试文章','测试1232132312','<h3>Array.prototype.map</h3><p><code style=\"background-color: rgba(27, 31, 35, 0.05);\">map()</code>&nbsp;方法创建一个新数组，其结果是该数组中的每个元素都调用一个提供的函数后返回的结果，原始数组不会改变。传递给 map 的回调函数（<code style=\"background-color: rgba(27, 31, 35, 0.05);\">callback</code>）接受三个参数，分别是 currentValue、index（可选）、array（可选），除了&nbsp;<code style=\"background-color: rgba(27, 31, 35, 0.05);\">callback</code>&nbsp;之外还可以接受 this 值（可选），用于执行&nbsp;<code style=\"background-color: rgba(27, 31, 35, 0.05);\">callback</code>&nbsp;函数时使用的<code style=\"background-color: rgba(27, 31, 35, 0.05);\">this</code>&nbsp;值。</p><p>来个简单的例子方便理解，现在有一个数组&nbsp;<code style=\"background-color: rgba(27, 31, 35, 0.05);\">[1, 2, 3, 4]</code>，我们想要生成一个新数组，其每个元素皆是之前数组的两倍，那么我们有下面两种使用高阶和不使用高阶函数的方式来实现。</p><h4>不使用高阶函数</h4><pre class=\"ql-syntax\" spellcheck=\"false\">// 木易杨\nconst arr1 = [1, 2, 3, 4];\nconst arr2 = [];\nfor (let i = 0; i &lt; arr1.length; i++) {\n  arr2.push( arr1[i] * 2);\n}\n\nconsole.log( arr2 );\n// [2, 4, 6, 8]\nconsole.log( arr1 );\n// [1, 2, 3, 4]\n</pre><h4>使用高阶函数</h4><pre class=\"ql-syntax\" spellcheck=\"false\">// 木易杨\nconst arr1 = [1, 2, 3, 4];\nconst arr2 = arr1.map(item =&gt; item * 2);\n\nconsole.log( arr2 );\n// [2, 4, 6, 8]\nconsole.log( arr1 );\n// [1, 2, 3, 4]\n</pre><h3>Array.prototype.filter</h3><p><code style=\"background-color: rgba(27, 31, 35, 0.05);\">filter()</code>&nbsp;方法创建一个新数组, 其包含通过提供函数实现的测试的所有元素，原始数组不会改变。接收的参数和 map 是一样的，其返回值是一个新数组、由通过测试的所有元素组成，如果没有任何数组元素通过测试，则返回空数组。</p><p>来个例子介绍下，现在有一个数组&nbsp;<code style=\"background-color: rgba(27, 31, 35, 0.05);\">[1, 2, 1, 2, 3, 5, 4, 5, 3, 4, 4, 4, 4]</code>，我们想要生成一个新数组，这个数组要求没有重复的内容，即为去重。</p><h4>不使用高阶函数</h4><pre class=\"ql-syntax\" spellcheck=\"false\">const arr1 = [1, 2, 1, 2, 3, 5, 4, 5, 3, 4, 4, 4, 4];\nconst arr2 = [];\nfor (let i = 0; i &lt; arr1.length; i++) {\n  if (arr1.indexOf( arr1[i] ) === i) {\n    arr2.push( arr1[i] );\n  }\n}\n\nconsole.log( arr2 );\n// [1, 2, 3, 5, 4]\nconsole.log( arr1 );\n// [1, 2, 1, 2, 3, 5, 4, 5, 3, 4, 4, 4, 4]\n</pre><h4>使用高阶函数</h4><pre class=\"ql-syntax\" spellcheck=\"false\">const arr1 = [1, 2, 1, 2, 3, 5, 4, 5, 3, 4, 4, 4, 4];\nconst arr2 = arr1.filter( (element, index, self) =&gt; {\n    return self.indexOf( element ) === index;\n});\n\nconsole.log( arr2 );\n// [1, 2, 3, 5, 4]\nconsole.log( arr1 );\n// [1, 2, 1, 2, 3, 5, 4, 5, 3, 4, 4, 4, 4]\n</pre><h3>Array.prototype.reduce</h3><p><code style=\"background-color: rgba(27, 31, 35, 0.05);\">reduce()</code>&nbsp;方法对数组中的每个元素执行一个提供的&nbsp;reducer&nbsp;函数(升序执行)，将其结果汇总为单个返回值。传递给 reduce 的回调函数（<code style=\"background-color: rgba(27, 31, 35, 0.05);\">callback</code>）接受四个参数，分别是累加器 accumulator、currentValue、currentIndex（可选）、array（可选），除了&nbsp;<code style=\"background-color: rgba(27, 31, 35, 0.05);\">callback</code>&nbsp;之外还可以接受初始值 initialValue 值（可选）。</p><ul><li>如果没有提供 initialValue，那么第一次调用&nbsp;<code style=\"background-color: rgba(27, 31, 35, 0.05);\">callback</code>&nbsp;函数时，accumulator 使用原数组中的第一个元素，currentValue 即是数组中的第二个元素。 在没有初始值的空数组上调用 reduce 将报错。</li><li>如果提供了 initialValue，那么将作为第一次调用&nbsp;<code style=\"background-color: rgba(27, 31, 35, 0.05);\">callback&nbsp;</code>函数时的第一个参数的值，即 accumulator，currentValue 使用原数组中的第一个元素。</li></ul><p>来个简单的例子介绍下，现在有一个数组&nbsp;<code style=\"background-color: rgba(27, 31, 35, 0.05);\">[0, 1, 2, 3, 4]</code>，需要计算数组元素的和，需求比较简单，来看下代码实现。</p><h4>不使用高阶函数</h4><pre class=\"ql-syntax\" spellcheck=\"false\">const arr = [0, 1, 2, 3, 4];\nlet sum = 0;\nfor (let i = 0; i &lt; arr.length; i++) {\n  sum += arr[i];\n}\n\nconsole.log( sum );\n// 10\nconsole.log( arr );\n// [0, 1, 2, 3, 4]\n</pre><h4>使用高阶函数</h4><h5>无 initialValue 值</h5><pre class=\"ql-syntax\" spellcheck=\"false\">const arr = [0, 1, 2, 3, 4];\nlet sum = arr.reduce((accumulator, currentValue, currentIndex, array) =&gt; {\n  return accumulator + currentValue;\n});\n\nconsole.log( sum );\n// 10\nconsole.log( arr );\n// [0, 1, 2, 3, 4]\n</pre><p>上面是没有 initialValue 的情况，代码的执行过程如下，callback 总共调用四次。</p><p>callbackaccumulatorcurrentValuecurrentIndexarrayreturn valuefirst call011[0, 1, 2, 3, 4]1second call122[0, 1, 2, 3, 4]3third call333[0, 1, 2, 3, 4]6fourth call644[0, 1, 2, 3, 4]10</p><h5>有 initialValue 值</h5><p>我们再来看下有 initialValue 的情况，假设 initialValue 值为 10，我们看下代码。</p><pre class=\"ql-syntax\" spellcheck=\"false\">const arr = [0, 1, 2, 3, 4];\nlet sum = arr.reduce((accumulator, currentValue, currentIndex, array) =&gt; {\n  return accumulator + currentValue;\n}, 10);\n\nconsole.log( sum );\n// 20\nconsole.log( arr );\n// [0, 1, 2, 3, 4]\n</pre><p><br></p>','Array.prototype.map\nmap() 方法创建一个新数组，其结果是该数组中的每个元素都调用一个提供的函数后返回的结果，原始数组不会改变。传递给 map 的回调函数（callback）接受三个参数，分别是 currentValue、index（可选）、array（可选），除了 callback 之外还可以接受 this 值（可选），用于执行 callback 函数时使用的this 值。\n来个简单的例子方便理解，现在有一个数组 [1, 2, 3, 4]，我们想要生成一个新数组，其每个元素皆是之前数组的两倍，那么我们有下面两种使用高阶和不使用高阶函数的方式来实现。\n不使用高阶函数\n// 木易杨\nconst arr1 = [1, 2, 3, 4];\nconst arr2 = [];\nfor (let i = 0; i < arr1.length; i++) {\n  arr2.push( arr1[i] * 2);\n}\n\nconsole.log( arr2 );\n// [2, 4, 6, 8]\nconsole.log( arr1 );\n// [1, 2, 3, 4]\n使用高阶函数\n// 木易杨\nconst arr1 = [1, 2, 3, 4];\nconst arr2 = arr1.map(item => item * 2);\n\nconsole.log( arr2 );\n// [2, 4, 6, 8]\nconsole.log( arr1 );\n// [1, 2, 3, 4]\nArray.prototype.filter\nfilter() 方法创建一个新数组, 其包含通过提供函数实现的测试的所有元素，原始数组不会改变。接收的参数和 map 是一样的，其返回值是一个新数组、由通过测试的所有元素组成，如果没有任何数组元素通过测试，则返回空数组。\n来个例子介绍下，现在有一个数组 [1, 2, 1, 2, 3, 5, 4, 5, 3, 4, 4, 4, 4]，我们想要生成一个新数组，这个数组要求没有重复的内容，即为去重。\n不使用高阶函数\nconst arr1 = [1, 2, 1, 2, 3, 5, 4, 5, 3, 4, 4, 4, 4];\nconst arr2 = [];\nfor (let i = 0; i < arr1.length; i++) {\n  if (arr1.indexOf( arr1[i] ) === i) {\n    arr2.push( arr1[i] );\n  }\n}\n\nconsole.log( arr2 );\n// [1, 2, 3, 5, 4]\nconsole.log( arr1 );\n// [1, 2, 1, 2, 3, 5, 4, 5, 3, 4, 4, 4, 4]\n使用高阶函数\nconst arr1 = [1, 2, 1, 2, 3, 5, 4, 5, 3, 4, 4, 4, 4];\nconst arr2 = arr1.filter( (element, index, self) => {\n    return self.indexOf( element ) === index;\n});\n\nconsole.log( arr2 );\n// [1, 2, 3, 5, 4]\nconsole.log( arr1 );\n// [1, 2, 1, 2, 3, 5, 4, 5, 3, 4, 4, 4, 4]\nArray.prototype.reduce\nreduce() 方法对数组中的每个元素执行一个提供的 reducer 函数(升序执行)，将其结果汇总为单个返回值。传递给 reduce 的回调函数（callback）接受四个参数，分别是累加器 accumulator、currentValue、currentIndex（可选）、array（可选），除了 callback 之外还可以接受初始值 initialValue 值（可选）。\n如果没有提供 initialValue，那么第一次调用 callback 函数时，accumulator 使用原数组中的第一个元素，currentValue 即是数组中的第二个元素。 在没有初始值的空数组上调用 reduce 将报错。\n如果提供了 initialValue，那么将作为第一次调用 callback 函数时的第一个参数的值，即 accumulator，currentValue 使用原数组中的第一个元素。\n来个简单的例子介绍下，现在有一个数组 [0, 1, 2, 3, 4]，需要计算数组元素的和，需求比较简单，来看下代码实现。\n不使用高阶函数\nconst arr = [0, 1, 2, 3, 4];\nlet sum = 0;\nfor (let i = 0; i < arr.length; i++) {\n  sum += arr[i];\n}\n\nconsole.log( sum );\n// 10\nconsole.log( arr );\n// [0, 1, 2, 3, 4]\n使用高阶函数\n无 initialValue 值\nconst arr = [0, 1, 2, 3, 4];\nlet sum = arr.reduce((accumulator, currentValue, currentIndex, array) => {\n  return accumulator + currentValue;\n});\n\nconsole.log( sum );\n// 10\nconsole.log( arr );\n// [0, 1, 2, 3, 4]\n上面是没有 initialValue 的情况，代码的执行过程如下，callback 总共调用四次。\ncallbackaccumulatorcurrentValuecurrentIndexarrayreturn valuefirst call011[0, 1, 2, 3, 4]1second call122[0, 1, 2, 3, 4]3third call333[0, 1, 2, 3, 4]6fourth call644[0, 1, 2, 3, 4]10\n有 initialValue 值\n我们再来看下有 initialValue 的情况，假设 initialValue 值为 10，我们看下代码。\nconst arr = [0, 1, 2, 3, 4];\nlet sum = arr.reduce((accumulator, currentValue, currentIndex, array) => {\n  return accumulator + currentValue;\n}, 10);\n\nconsole.log( sum );\n// 20\nconsole.log( arr );\n// [0, 1, 2, 3, 4]\n\n','http://132.232.104.247:9999/group1/M00/00/00/rBsACV0gXCyAa46QAADUTIre4BM964.png','2019-07-06 16:31:05',NULL,NULL,NULL,0,0,0,'0','1147422697949630464','测试分类',NULL,'1'),('1147425408644419584',NULL,'测试','测试是十四行诗','<p><br></p><p><img src=\"http://132.232.104.247:9999/group1/M00/00/00/rBsACV0gXlOAS4VfAATbsC2-_Bg230.jpg\"></p><p><br></p><p>测试文章的内容</p><p><br></p><pre class=\"ql-syntax\" spellcheck=\"false\"><span class=\"hljs-function\"><span class=\"hljs-keyword\">public</span> <span class=\"hljs-keyword\">static</span> <span class=\"hljs-keyword\">void</span> <span class=\"hljs-title\">main</span>()</span> {\n    System.<span class=\"hljs-keyword\">out</span>.println(<span class=\"hljs-string\">\"这是一段java代码\"</span>)  \n  }\n</pre><p><br></p><p>代码是否都可以js代码</p><p><br></p><pre class=\"ql-syntax\" spellcheck=\"false\">console.<span class=\"hljs-built_in\">log</span>(\'js代码输出\')\n</pre>','\n\n\n测试文章的内容\n\npublic static void main() {\n    System.out.println(\"这是一段java代码\")  \n  }\n\n代码是否都可以js代码\n\nconsole.log(\'js代码输出\')\n','http://132.232.104.247:9999/group1/M00/00/00/rBsACV0gXkaAMRnIAACoXS6nses396.png','2019-07-06 16:41:51',NULL,NULL,NULL,0,0,0,'0','1147425409953042432','分类1',NULL,'0'),('1147437109494288384',NULL,'JavaScript深入之史上最全--5种this绑定全面解析','调用位置就是函数在代码中被调用的位置（而不是声明的位置）','<ul><li>分析调用栈：调用位置就是当前正在执行的函数的前一个调用中</li></ul><pre class=\"ql-syntax\" spellcheck=\"false\">function baz() {\n    // 当前调用栈是：baz\n    // 因此，当前调用位置是全局作用域\n    \n    console.log( \"baz\" );\n    bar(); // &lt;-- bar的调用位置\n}\n\nfunction bar() {\n    // 当前调用栈是：baz --&gt; bar\n    // 因此，当前调用位置在baz中\n    \n    console.log( \"bar\" );\n    foo(); // &lt;-- foo的调用位置\n}\n\nfunction foo() {\n    // 当前调用栈是：baz --&gt; bar --&gt; foo\n    // 因此，当前调用位置在bar中\n    \n    console.log( \"foo\" );\n}\n\nbaz(); // &lt;-- baz的调用位置\n</pre><ul><li>使用开发者工具得到调用栈：</li><li>设置断点或者插入<code style=\"background-color: rgba(27, 31, 35, 0.05);\">debugger;</code>语句，运行时调试器会在那个位置暂停，同时展示当前位置的函数调用列表，这就是调用栈。找到栈中的第二个元素，这就是真正的调用位置。</li></ul><h4>2 绑定规则</h4><h5>2.1 默认绑定</h5><ul><li>独立函数调用，可以把默认绑定看作是无法应用其他规则时的默认规则，this指向全局对象。</li><li>严格模式下，不能将全局对象用于默认绑定，this会绑定到<code style=\"background-color: rgba(27, 31, 35, 0.05);\">undefined</code>。只有函数运行在非严格模式下，默认绑定才能绑定到全局对象。在严格模式下调用函数则不影响默认绑定。</li></ul><pre class=\"ql-syntax\" spellcheck=\"false\">function foo() { // 运行在严格模式下，this会绑定到undefined\n    \"use strict\";\n    \n    console.log( this.a );\n}\n\nvar a = 2;\n\n// 调用\nfoo(); // TypeError: Cannot read property \'a\' of undefined\n\n// --------------------------------------\n\nfunction foo() { // 运行\n    console.log( this.a );\n}\n\nvar a = 2;\n\n(function() { // 严格模式下调用函数则不影响默认绑定\n    \"use strict\";\n    \n    foo(); // 2\n})();\n</pre><h5>2.2 隐式绑定</h5><p>当函数引用有上下文对象时，隐式绑定规则会把函数中的this绑定到这个上下文对象。对象属性引用链中只有上一层或者说最后一层在调用中起作用。</p><pre class=\"ql-syntax\" spellcheck=\"false\">function foo() {\n    console.log( this.a );\n}\n\nvar obj = {\n    a: 2,\n    foo: foo\n};\n\nobj.foo(); // 2\n</pre><blockquote>隐式丢失</blockquote><p>被隐式绑定的函数特定情况下会丢失绑定对象，应用默认绑定，把this绑定到全局对象或者undefined上。</p><pre class=\"ql-syntax\" spellcheck=\"false\">// 虽然bar是obj.foo的一个引用，但是实际上，它引用的是foo函数本身。\n// bar()是一个不带任何修饰的函数调用，应用默认绑定。\nfunction foo() {\n    console.log( this.a );\n}\n\nvar obj = {\n    a: 2,\n    foo: foo\n};\n\nvar bar = obj.foo; // 函数别名\n\nvar a = \"oops, global\"; // a是全局对象的属性\n\nbar(); // \"oops, global\"\n</pre><p>参数传递就是一种隐式赋值，传入函数时也会被隐式赋值。回调函数丢失this绑定是非常常见的。</p><pre class=\"ql-syntax\" spellcheck=\"false\">function foo() {\n    console.log( this.a );\n}\n\nfunction doFoo(fn) {\n    // fn其实引用的是foo\n    \n    fn(); // &lt;-- 调用位置！\n}\n\nvar obj = {\n    a: 2,\n    foo: foo\n};\n\nvar a = \"oops, global\"; // a是全局对象的属性\n\ndoFoo( obj.foo ); // \"oops, global\"\n\n// ----------------------------------------\n\n// JS环境中内置的setTimeout()函数实现和下面的伪代码类似：\nfunction setTimeout(fn, delay) {\n    // 等待delay毫秒\n    fn(); // &lt;-- 调用位置！\n}\n</pre><h5>2.3 显式绑定</h5><p>通过<code style=\"background-color: rgba(27, 31, 35, 0.05);\">call(..)</code>&nbsp;或者&nbsp;<code style=\"background-color: rgba(27, 31, 35, 0.05);\">apply(..)</code>方法。第一个参数是一个对象，在调用函数时将这个对象绑定到this。因为直接指定this的绑定对象，称之为显示绑定。</p><pre class=\"ql-syntax\" spellcheck=\"false\">function foo() {\n    console.log( this.a );\n}\n\nvar obj = {\n    a: 2\n};\n\nfoo.call( obj ); // 2  调用foo时强制把foo的this绑定到obj上\n</pre><p>显示绑定无法解决丢失绑定问题。</p><p>解决方案：</p><ul><li>1、硬绑定</li></ul><p>创建函数bar()，并在它的内部手动调用foo.call(obj)，强制把foo的this绑定到了obj。这种方式让我想起了借用构造函数继承，没看过的可以点击查看&nbsp;<a href=\"https://juejin.im/post/5bcb2e295188255c55472db0\" target=\"_blank\" style=\"color: rgb(3, 102, 214); background-color: transparent;\">JavaScript常用八种继承方案</a></p><pre class=\"ql-syntax\" spellcheck=\"false\">function foo() {\n    console.log( this.a );\n}\n\nvar obj = {\n    a: 2\n};\n\nvar bar = function() {\n    foo.call( obj );\n};\n\nbar(); // 2\nsetTimeout( bar, 100 ); // 2\n\n// 硬绑定的bar不可能再修改它的this\nbar.call( window ); // 2\n</pre><p>典型应用场景是创建一个包裹函数，负责接收参数并返回值。</p><pre class=\"ql-syntax\" spellcheck=\"false\">function foo(something) {\n    console.log( this.a, something );\n    return this.a + something;\n}\n\nvar obj = {\n    a: 2\n};\n\nvar bar = function() {\n    return foo.apply( obj, arguments );\n};\n\nvar b = bar( 3 ); // 2 3\nconsole.log( b ); // 5\n</pre><p>创建一个可以重复使用的辅助函数。</p><pre class=\"ql-syntax\" spellcheck=\"false\">function foo(something) {\n    console.log( this.a, something );\n    return this.a + something;\n}\n\n// 简单的辅助绑定函数\nfunction bind(fn, obj) {\n    return function() {\n        return fn.apply( obj, arguments );\n    }\n}\n\nvar obj = {\n    a: 2\n};\n\nvar bar = bind( foo, obj );\n\nvar b = bar( 3 ); // 2 3\nconsole.log( b ); // 5\n</pre><p>ES5内置了<code style=\"background-color: rgba(27, 31, 35, 0.05);\">Function.prototype.bind</code>，bind会返回一个硬绑定的新函数，用法如下。</p><pre class=\"ql-syntax\" spellcheck=\"false\">function foo(something) {\n    console.log( this.a, something );\n    return this.a + something;\n}\n\nvar obj = {\n    a: 2\n};\n\nvar bar = foo.bind( obj );\n\nvar b = bar( 3 ); // 2 3\nconsole.log( b ); // 5\n</pre><ul><li>2、API调用的“上下文”</li></ul><p>JS许多内置函数提供了一个可选参数，被称之为“上下文”（context），其作用和<code style=\"background-color: rgba(27, 31, 35, 0.05);\">bind(..)</code>一样，确保回调函数使用指定的this。这些函数实际上通过<code style=\"background-color: rgba(27, 31, 35, 0.05);\">call(..)</code>和<code style=\"background-color: rgba(27, 31, 35, 0.05);\">apply(..)</code>实现了显式绑定。</p><pre class=\"ql-syntax\" spellcheck=\"false\">function foo(el) {\n	console.log( el, this.id );\n}\n\nvar obj = {\n    id: \"awesome\"\n}\n\nvar myArray = [1, 2, 3]\n// 调用foo(..)时把this绑定到obj\nmyArray.forEach( foo, obj );\n// 1 awesome 2 awesome 3 awesome\n</pre><h5>2.4 new绑定</h5><ul><li>在JS中，<code style=\"background-color: rgba(27, 31, 35, 0.05);\">构造函数</code>只是使用<code style=\"background-color: rgba(27, 31, 35, 0.05);\">new</code>操作符时被调用的<code style=\"background-color: rgba(27, 31, 35, 0.05);\">普通</code>函数，他们不属于某个类，也不会实例化一个类。</li><li>包括内置对象函数（比如<code style=\"background-color: rgba(27, 31, 35, 0.05);\">Number(..)</code>）在内的所有函数都可以用<code style=\"background-color: rgba(27, 31, 35, 0.05);\">new</code>来调用，这种函数调用被称为构造函数调用。</li><li>实际上并不存在所谓的“构造函数”，只有对于函数的“构造调用”。</li></ul><p>使用<code style=\"background-color: rgba(27, 31, 35, 0.05);\">new</code>来调用函数，或者说发生构造函数调用时，会自动执行下面的操作。</p><ul><li>1、创建（或者说构造）一个新对象。</li><li>2、这个新对象会被执行<code style=\"background-color: rgba(27, 31, 35, 0.05);\">[[Prototype]]</code>连接。</li><li>3、这个新对象会绑定到函数调用的<code style=\"background-color: rgba(27, 31, 35, 0.05);\">this</code>。</li><li>4、如果函数没有返回其他对象，那么<code style=\"background-color: rgba(27, 31, 35, 0.05);\">new</code>表达式中的函数调用会自动返回这个新对象。</li></ul><p>使用<code style=\"background-color: rgba(27, 31, 35, 0.05);\">new</code>来调用<code style=\"background-color: rgba(27, 31, 35, 0.05);\">foo(..)</code>时，会构造一个新对象并把它（<code style=\"background-color: rgba(27, 31, 35, 0.05);\">bar</code>）绑定到<code style=\"background-color: rgba(27, 31, 35, 0.05);\">foo(..)</code>调用中的this。</p><pre class=\"ql-syntax\" spellcheck=\"false\">function foo(a) {\n    this.a = a;\n}\n\nvar bar = new foo(2); // bar和foo(..)调用中的this进行绑定\nconsole.log( bar.a ); // 2\n</pre><p>手写一个new实现</p><pre class=\"ql-syntax\" spellcheck=\"false\">function create() {\n	// 创建一个空的对象\n    var obj = new Object(),\n	// 获得构造函数，arguments中去除第一个参数\n    Con = [].shift.call(arguments);\n	// 链接到原型，obj 可以访问到构造函数原型中的属性\n    obj.__proto__ = Con.prototype;\n	// 绑定 this 实现继承，obj 可以访问到构造函数中的属性\n    var ret = Con.apply(obj, arguments);\n	// 优先返回构造函数返回的对象\n	return ret instanceof Object ? ret : obj;\n};\n</pre><p>使用这个手写的new</p><pre class=\"ql-syntax\" spellcheck=\"false\">function Person() {...}\n\n// 使用内置函数new\nvar person = new Person(...)\n                        \n// 使用手写的new，即create\nvar person = create(Person, ...)\n</pre><p>代码原理解析：</p><ul><li>1、用<code style=\"background-color: rgba(27, 31, 35, 0.05);\">new Object()&nbsp;</code>的方式新建了一个对象<code style=\"background-color: rgba(27, 31, 35, 0.05);\">obj</code></li><li>2、取出第一个参数，就是我们要传入的构造函数。此外因为 shift 会修改原数组，所以&nbsp;<code style=\"background-color: rgba(27, 31, 35, 0.05);\">arguments&nbsp;</code>会被去除第一个参数</li><li>3、将&nbsp;<code style=\"background-color: rgba(27, 31, 35, 0.05);\">obj&nbsp;</code>的原型指向构造函数，这样<code style=\"background-color: rgba(27, 31, 35, 0.05);\">obj</code>就可以访问到构造函数原型中的属性</li><li>4、使用<code style=\"background-color: rgba(27, 31, 35, 0.05);\">&nbsp;apply</code>，改变构造函数<code style=\"background-color: rgba(27, 31, 35, 0.05);\">&nbsp;this</code>&nbsp;的指向到新建的对象，这样&nbsp;<code style=\"background-color: rgba(27, 31, 35, 0.05);\">obj&nbsp;</code>就可以访问到构造函数中的属性</li><li>5、返回&nbsp;<code style=\"background-color: rgba(27, 31, 35, 0.05);\">obj</code></li></ul><h4>3 优先级</h4><pre class=\"ql-syntax\" spellcheck=\"false\">st=&gt;start: Start\ne=&gt;end: End\ncond1=&gt;condition: new绑定\nop1=&gt;operation: this绑定新创建的对象，\n				var bar = new foo()\n				\ncond2=&gt;condition: 显示绑定\nop2=&gt;operation: this绑定指定的对象，\n				var bar = foo.call(obj2)\n				\ncond3=&gt;condition: 隐式绑定\nop3=&gt;operation: this绑定上下文对象，\n				var bar = obj1.foo()\n				\nop4=&gt;operation: 默认绑定\nop5=&gt;operation: 函数体严格模式下绑定到undefined，\n				否则绑定到全局对象，\n				var bar = foo()\n\nst-&gt;cond1\ncond1(yes)-&gt;op1-&gt;e\ncond1(no)-&gt;cond2\ncond2(yes)-&gt;op2-&gt;e\ncond2(no)-&gt;cond3\ncond3(yes)-&gt;op3-&gt;e\ncond3(no)-&gt;op4-&gt;op5-&gt;e\n</pre><p>在<code style=\"background-color: rgba(27, 31, 35, 0.05);\">new</code>中使用硬绑定函数的目的是预先设置函数的一些参数，这样在使用<code style=\"background-color: rgba(27, 31, 35, 0.05);\">new</code>进行初始化时就可以只传入其余的参数（柯里化）。</p><pre class=\"ql-syntax\" spellcheck=\"false\">function foo(p1, p2) {\n    this.val = p1 + p2;\n}\n\n// 之所以使用null是因为在本例中我们并不关心硬绑定的this是什么\n// 反正使用new时this会被修改\nvar bar = foo.bind( null, \"p1\" );\n\nvar baz = new bar( \"p2\" );\n\nbaz.val; // p1p2\n</pre><h4>4 绑定例外</h4><h5>4.1 被忽略的this</h5><p>把<code style=\"background-color: rgba(27, 31, 35, 0.05);\">null</code>或者<code style=\"background-color: rgba(27, 31, 35, 0.05);\">undefined</code>作为<code style=\"background-color: rgba(27, 31, 35, 0.05);\">this</code>的绑定对象传入<code style=\"background-color: rgba(27, 31, 35, 0.05);\">call</code>、<code style=\"background-color: rgba(27, 31, 35, 0.05);\">apply</code>或者<code style=\"background-color: rgba(27, 31, 35, 0.05);\">bind</code>，这些值在调用时会被忽略，实际应用的是默认规则。</p><p>下面两种情况下会传入<code style=\"background-color: rgba(27, 31, 35, 0.05);\">null</code></p><ul><li>使用<code style=\"background-color: rgba(27, 31, 35, 0.05);\">apply(..)</code>来“展开”一个数组，并当作参数传入一个函数</li><li><code style=\"background-color: rgba(27, 31, 35, 0.05);\">bind(..)</code>可以对参数进行柯里化（预先设置一些参数）</li></ul><pre class=\"ql-syntax\" spellcheck=\"false\">function foo(a, b) {\n    console.log( \"a:\" + a + \"，b:\" + b );\n}\n\n// 把数组”展开“成参数\nfoo.apply( null, [2, 3] ); // a:2，b:3\n\n// 使用bind(..)进行柯里化\nvar bar = foo.bind( null, 2 );\nbar( 3 ); // a:2，b:3 \n</pre><p>总是传入<code style=\"background-color: rgba(27, 31, 35, 0.05);\">null</code>来忽略this绑定可能产生一些副作用。如果某个函数确实使用了this，那默认绑定规则会把this绑定到全局对象中。</p><blockquote>更安全的this</blockquote><p>安全的做法就是传入一个特殊的对象（空对象），把this绑定到这个对象不会对你的程序产生任何副作用。</p><p>JS中创建一个空对象最简单的方法是**<code style=\"background-color: rgba(27, 31, 35, 0.05);\">Object.create(null)</code>**，这个和<code style=\"background-color: rgba(27, 31, 35, 0.05);\">{}</code>很像，但是并不会创建<code style=\"background-color: rgba(27, 31, 35, 0.05);\">Object.prototype</code>这个委托，所以比<code style=\"background-color: rgba(27, 31, 35, 0.05);\">{}</code>更空。</p><pre class=\"ql-syntax\" spellcheck=\"false\">function foo(a, b) {\n    console.log( \"a:\" + a + \"，b:\" + b );\n}\n\n// 我们的空对象\nvar ø = Object.create( null );\n\n// 把数组”展开“成参数\nfoo.apply( ø, [2, 3] ); // a:2，b:3\n\n// 使用bind(..)进行柯里化\nvar bar = foo.bind( ø, 2 );\nbar( 3 ); // a:2，b:3 \n</pre><h5>4.2 间接引用</h5><p>间接引用下，调用这个函数会应用默认绑定规则。间接引用最容易在赋值时发生。</p><pre class=\"ql-syntax\" spellcheck=\"false\">// p.foo = o.foo的返回值是目标函数的引用，所以调用位置是foo()而不是p.foo()或者o.foo()\nfunction foo() {\n    console.log( this.a );\n}\n\nvar a = 2;\nvar o = { a: 3, foo: foo };\nvar p = { a: 4};\n\no.foo(); // 3\n(p.foo = o.foo)(); // 2\n</pre><h5>4.3 软绑定</h5><ul><li>硬绑定可以把this强制绑定到指定的对象（<code style=\"background-color: rgba(27, 31, 35, 0.05);\">new</code>除外），防止函数调用应用默认绑定规则。但是会降低函数的灵活性，使用硬绑定之后就无法使用隐式绑定或者显式绑定来修改this。</li><li>如果给默认绑定指定一个全局对象和undefined以外的值，那就可以实现和硬绑定相同的效果，同时保留隐式绑定或者显示绑定修改this的能力。</li></ul><pre class=\"ql-syntax\" spellcheck=\"false\">// 默认绑定规则，优先级排最后\n// 如果this绑定到全局对象或者undefined，那就把指定的默认对象obj绑定到this,否则不会修改this\nif(!Function.prototype.softBind) {\n    Function.prototype.softBind = function(obj) {\n        var fn = this;\n        // 捕获所有curried参数\n        var curried = [].slice.call( arguments, 1 ); \n        var bound = function() {\n            return fn.apply(\n            	(!this || this === (window || global)) ? \n                	obj : this,\n                curried.concat.apply( curried, arguments )\n            );\n        };\n        bound.prototype = Object.create( fn.prototype );\n        return bound;\n    };\n}\n</pre><p>使用：软绑定版本的foo()可以手动将this绑定到obj2或者obj3上，但如果应用默认绑定，则会将this绑定到obj。</p><pre class=\"ql-syntax\" spellcheck=\"false\">function foo() {\n    console.log(\"name:\" + this.name);\n}\n\nvar obj = { name: \"obj\" },\n    obj2 = { name: \"obj2\" },\n    obj3 = { name: \"obj3\" };\n\n// 默认绑定，应用软绑定，软绑定把this绑定到默认对象obj\nvar fooOBJ = foo.softBind( obj );\nfooOBJ(); // name: obj \n\n// 隐式绑定规则\nobj2.foo = foo.softBind( obj );\nobj2.foo(); // name: obj2 &lt;---- 看！！！\n\n// 显式绑定规则\nfooOBJ.call( obj3 ); // name: obj3 &lt;---- 看！！！\n\n// 绑定丢失，应用软绑定\nsetTimeout( obj2.foo, 10 ); // name: obj\n</pre><h4>5 this词法</h4><p>ES6新增一种特殊函数类型：箭头函数，箭头函数无法使用上述四条规则，而是根据外层（函数或者全局）作用域（词法作用域）来决定this。</p><ul><li><code style=\"background-color: rgba(27, 31, 35, 0.05);\">foo()</code>内部创建的箭头函数会捕获调用时<code style=\"background-color: rgba(27, 31, 35, 0.05);\">foo()</code>的this。由于<code style=\"background-color: rgba(27, 31, 35, 0.05);\">foo()</code>的this绑定到<code style=\"background-color: rgba(27, 31, 35, 0.05);\">obj1</code>，<code style=\"background-color: rgba(27, 31, 35, 0.05);\">bar</code>(引用箭头函数)的this也会绑定到<code style=\"background-color: rgba(27, 31, 35, 0.05);\">obj1</code>，箭头函数的绑定无法被修改(<code style=\"background-color: rgba(27, 31, 35, 0.05);\">new</code>也不行)。</li></ul><pre class=\"ql-syntax\" spellcheck=\"false\">function foo() {\n    // 返回一个箭头函数\n    return (a) =&gt; {\n        // this继承自foo()\n        console.log( this.a );\n    };\n}\n\nvar obj1 = {\n    a: 2\n};\n\nvar obj2 = {\n    a: 3\n}\n\nvar bar = foo.call( obj1 );\nbar.call( obj2 ); // 2，不是3！\n</pre><p>ES6之前和箭头函数类似的模式，采用的是词法作用域取代了传统的this机制。</p><pre class=\"ql-syntax\" spellcheck=\"false\">function foo() {\n    var self = this; // lexical capture of this\n    setTimeout( function() {\n        console.log( self.a ); // self只是继承了foo()函数的this绑定\n    }, 100 );\n}\n\nvar obj = {\n    a: 2\n};\n\nfoo.call(obj); // 2\n</pre><p>代码风格统一问题：如果既有this风格的代码，还会使用&nbsp;<code style=\"background-color: rgba(27, 31, 35, 0.05);\">seft = this</code>&nbsp;或者箭头函数来否定this机制。</p><ul><li>只使用词法作用域并完全抛弃错误this风格的代码；</li><li>完全采用this风格，在必要时使用<code style=\"background-color: rgba(27, 31, 35, 0.05);\">bind(..)</code>，尽量避免使用&nbsp;<code style=\"background-color: rgba(27, 31, 35, 0.05);\">self = this</code>&nbsp;和箭头函数。</li></ul><h4>上期思考题解</h4><p>代码1：</p><pre class=\"ql-syntax\" spellcheck=\"false\">var scope = \"global scope\";\nfunction checkscope(){\n    var scope = \"local scope\";\n    function f(){\n        return scope;\n    }\n    return f;\n}\n\ncheckscope()();                  \n</pre><p>代码2：</p><pre class=\"ql-syntax\" spellcheck=\"false\">var scope = \"global scope\";\nfunction checkscope(){\n    var scope = \"local scope\";\n    function f(){\n        return scope;\n    }\n    return f;\n}\n\nvar foo = checkscope(); \nfoo();    \n</pre><p>上面的两个代码中，<code style=\"background-color: rgba(27, 31, 35, 0.05);\">checkscope()</code>执行完成后，闭包<code style=\"background-color: rgba(27, 31, 35, 0.05);\">f</code>所引用的自由变量<code style=\"background-color: rgba(27, 31, 35, 0.05);\">scope</code>会被垃圾回收吗？为什么？</p><p>解答：</p><p><code style=\"background-color: rgba(27, 31, 35, 0.05);\">checkscope()</code>执行完成后，代码1中自由变量特定时间之后回收，代码2中自由变量不回收。</p><p>首先要说明的是，现在主流浏览器的垃圾回收算法是标记清除，标记清除并非是标记执行栈的进出，而是从根开始遍历，也是一个找引用关系的过程，但是因为从根开始，相互引用的情况不会被计入。所以当垃圾回收开始时，从Root（全局对象）开始寻找这个对象的引用是否可达，如果引用链断裂，那么这个对象就会回收。</p><p>闭包中的作用域链中 parentContext.vo 是对象，被放在堆中，栈中的变量会随着执行环境进出而销毁，堆中需要垃圾回收，闭包内的自由变量会被分配到堆上，所以当外部方法执行完毕后，对其的引用并没有丢。</p><p>每次进入函数执行时，会重新创建可执行环境和活动对象，但函数的<code style=\"background-color: rgba(27, 31, 35, 0.05);\">[[Scope]]</code>是函数定义时就已经定义好的（词法作用域规则），不可更改。</p><ul><li>对于代码1：</li></ul><p><code style=\"background-color: rgba(27, 31, 35, 0.05);\">checkscope()</code>执行时,将<code style=\"background-color: rgba(27, 31, 35, 0.05);\">checkscope</code>对象指针压入栈中，其执行环境变量如下</p><pre class=\"ql-syntax\" spellcheck=\"false\">checkscopeContext:{\n    AO:{\n        arguments:\n        scope:\n        f:\n    },\n    this,\n    [[Scope]]:[AO, globalContext.VO]\n}\n</pre><p>执行完毕后出栈，该对象没有绑定给谁，从Root开始查找无法可达，此活动对象一段时间后会被回收</p><ul><li>对于代码2：</li></ul><p><code style=\"background-color: rgba(27, 31, 35, 0.05);\">checkscope()</code>执行后，返回的是<code style=\"background-color: rgba(27, 31, 35, 0.05);\">f</code>对象，其执行环境变量如下</p><pre class=\"ql-syntax\" spellcheck=\"false\">fContext:{\n    AO:{\n        arguments:\n    },\n    this,\n    [[Scope]]:[AO, checkscopeContext.AO, globalContext.VO]\n}\n</pre><p>此对象赋值给<code style=\"background-color: rgba(27, 31, 35, 0.05);\">var foo = checkscope();</code>，将<code style=\"background-color: rgba(27, 31, 35, 0.05);\">foo&nbsp;</code>压入栈中，<code style=\"background-color: rgba(27, 31, 35, 0.05);\">foo&nbsp;</code>指向堆中的<code style=\"background-color: rgba(27, 31, 35, 0.05);\">f</code>活动对象,对于<code style=\"background-color: rgba(27, 31, 35, 0.05);\">Root</code>来说可达，不会被回收。</p><p>如果一定要自由变量<code style=\"background-color: rgba(27, 31, 35, 0.05);\">scope</code>回收，那么该怎么办？？？</p><p>很简单，<code style=\"background-color: rgba(27, 31, 35, 0.05);\">foo = null;</code>，把引用断开就可以了。</p><h4>本期思考题</h4><p>依次给出console.log输出的数值。</p><pre class=\"ql-syntax\" spellcheck=\"false\">var num = 1;\nvar myObject = {\n    num: 2,\n    add: function() {\n        this.num = 3;\n        (function() {\n            console.log(this.num);\n            this.num = 4;\n        })();\n        console.log(this.num);\n    },\n    sub: function() {\n        console.log(this.num)\n    }\n}\nmyObject.add();\nconsole.log(myObject.num);\nconsole.log(num);\nvar sub = myObject.sub;\nsub();\n</pre><p><br></p>','分析调用栈：调用位置就是当前正在执行的函数的前一个调用中\nfunction baz() {\n    // 当前调用栈是：baz\n    // 因此，当前调用位置是全局作用域\n    \n    console.log( \"baz\" );\n    bar(); // <-- bar的调用位置\n}\n\nfunction bar() {\n    // 当前调用栈是：baz --> bar\n    // 因此，当前调用位置在baz中\n    \n    console.log( \"bar\" );\n    foo(); // <-- foo的调用位置\n}\n\nfunction foo() {\n    // 当前调用栈是：baz --> bar --> foo\n    // 因此，当前调用位置在bar中\n    \n    console.log( \"foo\" );\n}\n\nbaz(); // <-- baz的调用位置\n使用开发者工具得到调用栈：\n设置断点或者插入debugger;语句，运行时调试器会在那个位置暂停，同时展示当前位置的函数调用列表，这就是调用栈。找到栈中的第二个元素，这就是真正的调用位置。\n2 绑定规则\n2.1 默认绑定\n独立函数调用，可以把默认绑定看作是无法应用其他规则时的默认规则，this指向全局对象。\n严格模式下，不能将全局对象用于默认绑定，this会绑定到undefined。只有函数运行在非严格模式下，默认绑定才能绑定到全局对象。在严格模式下调用函数则不影响默认绑定。\nfunction foo() { // 运行在严格模式下，this会绑定到undefined\n    \"use strict\";\n    \n    console.log( this.a );\n}\n\nvar a = 2;\n\n// 调用\nfoo(); // TypeError: Cannot read property \'a\' of undefined\n\n// --------------------------------------\n\nfunction foo() { // 运行\n    console.log( this.a );\n}\n\nvar a = 2;\n\n(function() { // 严格模式下调用函数则不影响默认绑定\n    \"use strict\";\n    \n    foo(); // 2\n})();\n2.2 隐式绑定\n当函数引用有上下文对象时，隐式绑定规则会把函数中的this绑定到这个上下文对象。对象属性引用链中只有上一层或者说最后一层在调用中起作用。\nfunction foo() {\n    console.log( this.a );\n}\n\nvar obj = {\n    a: 2,\n    foo: foo\n};\n\nobj.foo(); // 2\n隐式丢失\n被隐式绑定的函数特定情况下会丢失绑定对象，应用默认绑定，把this绑定到全局对象或者undefined上。\n// 虽然bar是obj.foo的一个引用，但是实际上，它引用的是foo函数本身。\n// bar()是一个不带任何修饰的函数调用，应用默认绑定。\nfunction foo() {\n    console.log( this.a );\n}\n\nvar obj = {\n    a: 2,\n    foo: foo\n};\n\nvar bar = obj.foo; // 函数别名\n\nvar a = \"oops, global\"; // a是全局对象的属性\n\nbar(); // \"oops, global\"\n参数传递就是一种隐式赋值，传入函数时也会被隐式赋值。回调函数丢失this绑定是非常常见的。\nfunction foo() {\n    console.log( this.a );\n}\n\nfunction doFoo(fn) {\n    // fn其实引用的是foo\n    \n    fn(); // <-- 调用位置！\n}\n\nvar obj = {\n    a: 2,\n    foo: foo\n};\n\nvar a = \"oops, global\"; // a是全局对象的属性\n\ndoFoo( obj.foo ); // \"oops, global\"\n\n// ----------------------------------------\n\n// JS环境中内置的setTimeout()函数实现和下面的伪代码类似：\nfunction setTimeout(fn, delay) {\n    // 等待delay毫秒\n    fn(); // <-- 调用位置！\n}\n2.3 显式绑定\n通过call(..) 或者 apply(..)方法。第一个参数是一个对象，在调用函数时将这个对象绑定到this。因为直接指定this的绑定对象，称之为显示绑定。\nfunction foo() {\n    console.log( this.a );\n}\n\nvar obj = {\n    a: 2\n};\n\nfoo.call( obj ); // 2  调用foo时强制把foo的this绑定到obj上\n显示绑定无法解决丢失绑定问题。\n解决方案：\n1、硬绑定\n创建函数bar()，并在它的内部手动调用foo.call(obj)，强制把foo的this绑定到了obj。这种方式让我想起了借用构造函数继承，没看过的可以点击查看 JavaScript常用八种继承方案\nfunction foo() {\n    console.log( this.a );\n}\n\nvar obj = {\n    a: 2\n};\n\nvar bar = function() {\n    foo.call( obj );\n};\n\nbar(); // 2\nsetTimeout( bar, 100 ); // 2\n\n// 硬绑定的bar不可能再修改它的this\nbar.call( window ); // 2\n典型应用场景是创建一个包裹函数，负责接收参数并返回值。\nfunction foo(something) {\n    console.log( this.a, something );\n    return this.a + something;\n}\n\nvar obj = {\n    a: 2\n};\n\nvar bar = function() {\n    return foo.apply( obj, arguments );\n};\n\nvar b = bar( 3 ); // 2 3\nconsole.log( b ); // 5\n创建一个可以重复使用的辅助函数。\nfunction foo(something) {\n    console.log( this.a, something );\n    return this.a + something;\n}\n\n// 简单的辅助绑定函数\nfunction bind(fn, obj) {\n    return function() {\n        return fn.apply( obj, arguments );\n    }\n}\n\nvar obj = {\n    a: 2\n};\n\nvar bar = bind( foo, obj );\n\nvar b = bar( 3 ); // 2 3\nconsole.log( b ); // 5\nES5内置了Function.prototype.bind，bind会返回一个硬绑定的新函数，用法如下。\nfunction foo(something) {\n    console.log( this.a, something );\n    return this.a + something;\n}\n\nvar obj = {\n    a: 2\n};\n\nvar bar = foo.bind( obj );\n\nvar b = bar( 3 ); // 2 3\nconsole.log( b ); // 5\n2、API调用的“上下文”\nJS许多内置函数提供了一个可选参数，被称之为“上下文”（context），其作用和bind(..)一样，确保回调函数使用指定的this。这些函数实际上通过call(..)和apply(..)实现了显式绑定。\nfunction foo(el) {\n	console.log( el, this.id );\n}\n\nvar obj = {\n    id: \"awesome\"\n}\n\nvar myArray = [1, 2, 3]\n// 调用foo(..)时把this绑定到obj\nmyArray.forEach( foo, obj );\n// 1 awesome 2 awesome 3 awesome\n2.4 new绑定\n在JS中，构造函数只是使用new操作符时被调用的普通函数，他们不属于某个类，也不会实例化一个类。\n包括内置对象函数（比如Number(..)）在内的所有函数都可以用new来调用，这种函数调用被称为构造函数调用。\n实际上并不存在所谓的“构造函数”，只有对于函数的“构造调用”。\n使用new来调用函数，或者说发生构造函数调用时，会自动执行下面的操作。\n1、创建（或者说构造）一个新对象。\n2、这个新对象会被执行[[Prototype]]连接。\n3、这个新对象会绑定到函数调用的this。\n4、如果函数没有返回其他对象，那么new表达式中的函数调用会自动返回这个新对象。\n使用new来调用foo(..)时，会构造一个新对象并把它（bar）绑定到foo(..)调用中的this。\nfunction foo(a) {\n    this.a = a;\n}\n\nvar bar = new foo(2); // bar和foo(..)调用中的this进行绑定\nconsole.log( bar.a ); // 2\n手写一个new实现\nfunction create() {\n	// 创建一个空的对象\n    var obj = new Object(),\n	// 获得构造函数，arguments中去除第一个参数\n    Con = [].shift.call(arguments);\n	// 链接到原型，obj 可以访问到构造函数原型中的属性\n    obj.__proto__ = Con.prototype;\n	// 绑定 this 实现继承，obj 可以访问到构造函数中的属性\n    var ret = Con.apply(obj, arguments);\n	// 优先返回构造函数返回的对象\n	return ret instanceof Object ? ret : obj;\n};\n使用这个手写的new\nfunction Person() {...}\n\n// 使用内置函数new\nvar person = new Person(...)\n                        \n// 使用手写的new，即create\nvar person = create(Person, ...)\n代码原理解析：\n1、用new Object() 的方式新建了一个对象obj\n2、取出第一个参数，就是我们要传入的构造函数。此外因为 shift 会修改原数组，所以 arguments 会被去除第一个参数\n3、将 obj 的原型指向构造函数，这样obj就可以访问到构造函数原型中的属性\n4、使用 apply，改变构造函数 this 的指向到新建的对象，这样 obj 就可以访问到构造函数中的属性\n5、返回 obj\n3 优先级\nst=>start: Start\ne=>end: End\ncond1=>condition: new绑定\nop1=>operation: this绑定新创建的对象，\n				var bar = new foo()\n				\ncond2=>condition: 显示绑定\nop2=>operation: this绑定指定的对象，\n				var bar = foo.call(obj2)\n				\ncond3=>condition: 隐式绑定\nop3=>operation: this绑定上下文对象，\n				var bar = obj1.foo()\n				\nop4=>operation: 默认绑定\nop5=>operation: 函数体严格模式下绑定到undefined，\n				否则绑定到全局对象，\n				var bar = foo()\n\nst->cond1\ncond1(yes)->op1->e\ncond1(no)->cond2\ncond2(yes)->op2->e\ncond2(no)->cond3\ncond3(yes)->op3->e\ncond3(no)->op4->op5->e\n在new中使用硬绑定函数的目的是预先设置函数的一些参数，这样在使用new进行初始化时就可以只传入其余的参数（柯里化）。\nfunction foo(p1, p2) {\n    this.val = p1 + p2;\n}\n\n// 之所以使用null是因为在本例中我们并不关心硬绑定的this是什么\n// 反正使用new时this会被修改\nvar bar = foo.bind( null, \"p1\" );\n\nvar baz = new bar( \"p2\" );\n\nbaz.val; // p1p2\n4 绑定例外\n4.1 被忽略的this\n把null或者undefined作为this的绑定对象传入call、apply或者bind，这些值在调用时会被忽略，实际应用的是默认规则。\n下面两种情况下会传入null\n使用apply(..)来“展开”一个数组，并当作参数传入一个函数\nbind(..)可以对参数进行柯里化（预先设置一些参数）\nfunction foo(a, b) {\n    console.log( \"a:\" + a + \"，b:\" + b );\n}\n\n// 把数组”展开“成参数\nfoo.apply( null, [2, 3] ); // a:2，b:3\n\n// 使用bind(..)进行柯里化\nvar bar = foo.bind( null, 2 );\nbar( 3 ); // a:2，b:3 \n总是传入null来忽略this绑定可能产生一些副作用。如果某个函数确实使用了this，那默认绑定规则会把this绑定到全局对象中。\n更安全的this\n安全的做法就是传入一个特殊的对象（空对象），把this绑定到这个对象不会对你的程序产生任何副作用。\nJS中创建一个空对象最简单的方法是**Object.create(null)**，这个和{}很像，但是并不会创建Object.prototype这个委托，所以比{}更空。\nfunction foo(a, b) {\n    console.log( \"a:\" + a + \"，b:\" + b );\n}\n\n// 我们的空对象\nvar ø = Object.create( null );\n\n// 把数组”展开“成参数\nfoo.apply( ø, [2, 3] ); // a:2，b:3\n\n// 使用bind(..)进行柯里化\nvar bar = foo.bind( ø, 2 );\nbar( 3 ); // a:2，b:3 \n4.2 间接引用\n间接引用下，调用这个函数会应用默认绑定规则。间接引用最容易在赋值时发生。\n// p.foo = o.foo的返回值是目标函数的引用，所以调用位置是foo()而不是p.foo()或者o.foo()\nfunction foo() {\n    console.log( this.a );\n}\n\nvar a = 2;\nvar o = { a: 3, foo: foo };\nvar p = { a: 4};\n\no.foo(); // 3\n(p.foo = o.foo)(); // 2\n4.3 软绑定\n硬绑定可以把this强制绑定到指定的对象（new除外），防止函数调用应用默认绑定规则。但是会降低函数的灵活性，使用硬绑定之后就无法使用隐式绑定或者显式绑定来修改this。\n如果给默认绑定指定一个全局对象和undefined以外的值，那就可以实现和硬绑定相同的效果，同时保留隐式绑定或者显示绑定修改this的能力。\n// 默认绑定规则，优先级排最后\n// 如果this绑定到全局对象或者undefined，那就把指定的默认对象obj绑定到this,否则不会修改this\nif(!Function.prototype.softBind) {\n    Function.prototype.softBind = function(obj) {\n        var fn = this;\n        // 捕获所有curried参数\n        var curried = [].slice.call( arguments, 1 ); \n        var bound = function() {\n            return fn.apply(\n            	(!this || this === (window || global)) ? \n                	obj : this,\n                curried.concat.apply( curried, arguments )\n            );\n        };\n        bound.prototype = Object.create( fn.prototype );\n        return bound;\n    };\n}\n使用：软绑定版本的foo()可以手动将this绑定到obj2或者obj3上，但如果应用默认绑定，则会将this绑定到obj。\nfunction foo() {\n    console.log(\"name:\" + this.name);\n}\n\nvar obj = { name: \"obj\" },\n    obj2 = { name: \"obj2\" },\n    obj3 = { name: \"obj3\" };\n\n// 默认绑定，应用软绑定，软绑定把this绑定到默认对象obj\nvar fooOBJ = foo.softBind( obj );\nfooOBJ(); // name: obj \n\n// 隐式绑定规则\nobj2.foo = foo.softBind( obj );\nobj2.foo(); // name: obj2 <---- 看！！！\n\n// 显式绑定规则\nfooOBJ.call( obj3 ); // name: obj3 <---- 看！！！\n\n// 绑定丢失，应用软绑定\nsetTimeout( obj2.foo, 10 ); // name: obj\n5 this词法\nES6新增一种特殊函数类型：箭头函数，箭头函数无法使用上述四条规则，而是根据外层（函数或者全局）作用域（词法作用域）来决定this。\nfoo()内部创建的箭头函数会捕获调用时foo()的this。由于foo()的this绑定到obj1，bar(引用箭头函数)的this也会绑定到obj1，箭头函数的绑定无法被修改(new也不行)。\nfunction foo() {\n    // 返回一个箭头函数\n    return (a) => {\n        // this继承自foo()\n        console.log( this.a );\n    };\n}\n\nvar obj1 = {\n    a: 2\n};\n\nvar obj2 = {\n    a: 3\n}\n\nvar bar = foo.call( obj1 );\nbar.call( obj2 ); // 2，不是3！\nES6之前和箭头函数类似的模式，采用的是词法作用域取代了传统的this机制。\nfunction foo() {\n    var self = this; // lexical capture of this\n    setTimeout( function() {\n        console.log( self.a ); // self只是继承了foo()函数的this绑定\n    }, 100 );\n}\n\nvar obj = {\n    a: 2\n};\n\nfoo.call(obj); // 2\n代码风格统一问题：如果既有this风格的代码，还会使用 seft = this 或者箭头函数来否定this机制。\n只使用词法作用域并完全抛弃错误this风格的代码；\n完全采用this风格，在必要时使用bind(..)，尽量避免使用 self = this 和箭头函数。\n上期思考题解\n代码1：\nvar scope = \"global scope\";\nfunction checkscope(){\n    var scope = \"local scope\";\n    function f(){\n        return scope;\n    }\n    return f;\n}\n\ncheckscope()();                  \n代码2：\nvar scope = \"global scope\";\nfunction checkscope(){\n    var scope = \"local scope\";\n    function f(){\n        return scope;\n    }\n    return f;\n}\n\nvar foo = checkscope(); \nfoo();    \n上面的两个代码中，checkscope()执行完成后，闭包f所引用的自由变量scope会被垃圾回收吗？为什么？\n解答：\ncheckscope()执行完成后，代码1中自由变量特定时间之后回收，代码2中自由变量不回收。\n首先要说明的是，现在主流浏览器的垃圾回收算法是标记清除，标记清除并非是标记执行栈的进出，而是从根开始遍历，也是一个找引用关系的过程，但是因为从根开始，相互引用的情况不会被计入。所以当垃圾回收开始时，从Root（全局对象）开始寻找这个对象的引用是否可达，如果引用链断裂，那么这个对象就会回收。\n闭包中的作用域链中 parentContext.vo 是对象，被放在堆中，栈中的变量会随着执行环境进出而销毁，堆中需要垃圾回收，闭包内的自由变量会被分配到堆上，所以当外部方法执行完毕后，对其的引用并没有丢。\n每次进入函数执行时，会重新创建可执行环境和活动对象，但函数的[[Scope]]是函数定义时就已经定义好的（词法作用域规则），不可更改。\n对于代码1：\ncheckscope()执行时,将checkscope对象指针压入栈中，其执行环境变量如下\ncheckscopeContext:{\n    AO:{\n        arguments:\n        scope:\n        f:\n    },\n    this,\n    [[Scope]]:[AO, globalContext.VO]\n}\n执行完毕后出栈，该对象没有绑定给谁，从Root开始查找无法可达，此活动对象一段时间后会被回收\n对于代码2：\ncheckscope()执行后，返回的是f对象，其执行环境变量如下\nfContext:{\n    AO:{\n        arguments:\n    },\n    this,\n    [[Scope]]:[AO, checkscopeContext.AO, globalContext.VO]\n}\n此对象赋值给var foo = checkscope();，将foo 压入栈中，foo 指向堆中的f活动对象,对于Root来说可达，不会被回收。\n如果一定要自由变量scope回收，那么该怎么办？？？\n很简单，foo = null;，把引用断开就可以了。\n本期思考题\n依次给出console.log输出的数值。\nvar num = 1;\nvar myObject = {\n    num: 2,\n    add: function() {\n        this.num = 3;\n        (function() {\n            console.log(this.num);\n            this.num = 4;\n        })();\n        console.log(this.num);\n    },\n    sub: function() {\n        console.log(this.num)\n    }\n}\nmyObject.add();\nconsole.log(myObject.num);\nconsole.log(num);\nvar sub = myObject.sub;\nsub();\n\n','http://132.232.104.247:9999/group1/M00/00/00/rBsACV0gaViACv1GAAFmQSzH81U392.png','2019-07-06 17:28:22',NULL,'1','0',0,0,0,'0','1147437111490777088','分类123','http://132.232.104.247/#/blog/1147437109494288384','0'),('1147446159820853248',NULL,'123','321','<p>11111111</p>','11111111\n','','2019-07-06 18:04:19',NULL,'1','0',0,0,0,'0','1','','http://132.232.104.247/#/blog/1147446159820853248','0'),('1147449716045385728',NULL,'12321','111111','<h4>期思考题</h4><p>依次给出console.log输出的数值。</p><pre class=\"ql-syntax\" spellcheck=\"false\"><span class=\"hljs-keyword\">var</span> num = <span class=\"hljs-number\">1</span>;\n<span class=\"hljs-keyword\">var</span> myObject = {\n    <span class=\"hljs-attr\">num</span>: <span class=\"hljs-number\">2</span>,\n    <span class=\"hljs-attr\">add</span>: <span class=\"hljs-function\"><span class=\"hljs-keyword\">function</span>() </span>{\n        <span class=\"hljs-keyword\">this</span>.num = <span class=\"hljs-number\">3</span>;\n        (<span class=\"hljs-function\"><span class=\"hljs-keyword\">function</span>() </span>{\n            <span class=\"hljs-built_in\">console</span>.log(<span class=\"hljs-keyword\">this</span>.num);\n            <span class=\"hljs-keyword\">this</span>.num = <span class=\"hljs-number\">4</span>;\n        })();\n        <span class=\"hljs-built_in\">console</span>.log(<span class=\"hljs-keyword\">this</span>.num);\n    },\n    <span class=\"hljs-attr\">sub</span>: <span class=\"hljs-function\"><span class=\"hljs-keyword\">function</span>() </span>{\n        <span class=\"hljs-built_in\">console</span>.log(<span class=\"hljs-keyword\">this</span>.num)\n    }\n}\nmyObject.add();\n<span class=\"hljs-built_in\">console</span>.log(myObject.num);\n<span class=\"hljs-built_in\">console</span>.log(num);\n<span class=\"hljs-keyword\">var</span> sub = myObject.sub;\nsub();\n</pre><h4>参考</h4><blockquote><a href=\"https://github.com/yygmind/Reading-Notes/blob/master/%E4%BD%A0%E4%B8%8D%E7%9F%A5%E9%81%93%E7%9A%84JavaScript%E4%B8%8A%E5%8D%B7.md\" target=\"_blank\" style=\"color: rgb(3, 102, 214); background-color: transparent;\">你不知道的JavaScript上卷—笔记</a></blockquote><blockquote><a href=\"https://www.zhihu.com/question/40678847/answer/87982345\" target=\"_blank\" style=\"color: rgb(3, 102, 214); background-color: transparent;\">Javascript 闭包，引用的变量是否被回收？</a></blockquote><h4>进阶系列目录</h4><ul><li>【进阶1期】 调用堆栈</li><li>【进阶2期】 作用域闭包</li><li>【进阶3期】 this全面解析</li><li>【进阶4期】 深浅拷贝原理</li><li>【进阶5期】 原型Prototype</li><li>【进阶6期】 高阶函数</li><li>【进阶7期】 事件机制</li><li>【进阶8期】 Event Loop原理</li><li>【进阶9期】 Promise原理</li><li>【进阶10期】Async/Await原理</li><li>【进阶11期】防抖/节流原理</li><li>【进阶12期】模块化详解</li><li>【进阶13期】ES6重难点</li><li>【进阶14期】计算机网络概述</li><li>【进阶15期】浏览器渲染原理</li><li>【进阶16期】webpack配置</li><li>【进阶17期】webpack原理</li><li>【进阶18期】前端监控</li><li>【进阶19期】跨域和安全</li><li>【进阶20期】性能优化</li><li>【进阶21期】VirtualDom原理</li><li>【进阶22期】Diff算法</li><li>【进阶23期】MVVM双向绑定</li><li>【进阶24期】Vuex原理</li><li>【进阶25期】Redux原理</li><li>【进阶26期】路由原理</li><li>【进阶27期】VueRouter源码解析</li><li>【进阶28期】ReactRouter源码解析</li></ul><h4>交流</h4><p>进阶系列文章汇总如下，内有优质前端资料，觉得不错点个star。</p><blockquote><a href=\"https://github.com/yygmind/blog\" target=\"_blank\" style=\"color: rgb(3, 102, 214); background-color: transparent;\">https://github.com/yygmind/blog</a></blockquote><p>我是木易杨，网易高级前端工程师，跟着我每周重点攻克一个前端面试重难点。接下来让我带你走进高级前端的世界，在进阶的路上，共勉！</p><p><a href=\"https://github.com/yygmind/blog/raw/master/images/weixin_re.png\" target=\"_blank\" style=\"color: rgb(3, 102, 214); background-color: transparent;\"><img src=\"https://github.com/yygmind/blog/raw/master/images/weixin_re.png\" width=\"436\" style=\"cursor: nesw-resize;\"></a></p>','期思考题\n依次给出console.log输出的数值。\nvar num = 1;\nvar myObject = {\n    num: 2,\n    add: function() {\n        this.num = 3;\n        (function() {\n            console.log(this.num);\n            this.num = 4;\n        })();\n        console.log(this.num);\n    },\n    sub: function() {\n        console.log(this.num)\n    }\n}\nmyObject.add();\nconsole.log(myObject.num);\nconsole.log(num);\nvar sub = myObject.sub;\nsub();\n参考\n你不知道的JavaScript上卷—笔记\nJavascript 闭包，引用的变量是否被回收？\n进阶系列目录\n【进阶1期】 调用堆栈\n【进阶2期】 作用域闭包\n【进阶3期】 this全面解析\n【进阶4期】 深浅拷贝原理\n【进阶5期】 原型Prototype\n【进阶6期】 高阶函数\n【进阶7期】 事件机制\n【进阶8期】 Event Loop原理\n【进阶9期】 Promise原理\n【进阶10期】Async/Await原理\n【进阶11期】防抖/节流原理\n【进阶12期】模块化详解\n【进阶13期】ES6重难点\n【进阶14期】计算机网络概述\n【进阶15期】浏览器渲染原理\n【进阶16期】webpack配置\n【进阶17期】webpack原理\n【进阶18期】前端监控\n【进阶19期】跨域和安全\n【进阶20期】性能优化\n【进阶21期】VirtualDom原理\n【进阶22期】Diff算法\n【进阶23期】MVVM双向绑定\n【进阶24期】Vuex原理\n【进阶25期】Redux原理\n【进阶26期】路由原理\n【进阶27期】VueRouter源码解析\n【进阶28期】ReactRouter源码解析\n交流\n进阶系列文章汇总如下，内有优质前端资料，觉得不错点个star。\nhttps://github.com/yygmind/blog\n我是木易杨，网易高级前端工程师，跟着我每周重点攻克一个前端面试重难点。接下来让我带你走进高级前端的世界，在进阶的路上，共勉！\n\n','http://132.232.104.247:9999/group1/M00/00/00/rBsACV0gdSuAfWFwAANKaIY5CUs968.png','2019-07-06 18:18:26',NULL,'1','0',0,0,0,'0','5','','http://132.232.104.247/#/blog/1147449716045385728','0'),('1149887336700579840',NULL,'测试123','1233211232123','<p>测试123321</p><pre class=\"ql-syntax\" spellcheck=\"false\">console.<span class=\"hljs-built_in\">log</span>(<span class=\"hljs-number\">123</span>)\n</pre><p><br></p>','测试123321\nconsole.log(123)\n\n','http://132.232.104.247:9999/group1/M00/00/00/rBsACV0pU36AcNjvAADnbSJ_EYQ784.jpg','2019-07-13 11:44:40',NULL,'1','0',0,0,0,'0','1147422697949630464','','http://132.232.104.247/#/blog/1149887336700579840','0'),('1149927249663889408',NULL,'这是一个markdown标题','这是系统的摘要','<p>这是一个markdown的编辑器写出来的内容，是否可以直接使用呢，下面是sublime的代码</p>\n<pre><div class=\"hljs\"><code class=\"lang-js\"><span class=\"hljs-keyword\">let</span> i = <span class=\"hljs-number\">0</span>\n<span class=\"hljs-keyword\">const</span> j = <span class=\"hljs-number\">0</span> \n<span class=\"hljs-function\"><span class=\"hljs-keyword\">function</span>(<span class=\"hljs-params\"></span>) </span>{\n   i++ \n  <span class=\"hljs-keyword\">if</span>(i = j){\n   <span class=\"hljs-built_in\">console</span>.log(i)\n}\n\n}\n\n</code></div></pre>\n<p>这是代码片段<code>code style</code></p>\n<blockquote>\n<p>这是引用</p>\n</blockquote>\n<hr />\n','这是一个markdown的编辑器写出来的内容，是否可以直接使用呢，下面是sublime的代码\n\n```js\nlet i = 0\nconst j = 0 \nfunction() {\n   i++ \n  if(i = j){\n   console.log(i)\n}\n\n}\n\n```\n\n这是代码片段`code style`\n> 这是引用\n\n----- ','http://132.232.104.247:9999/group1/M00/00/00/rBsACV0pd5mAZPKPAAOn6JA93PY118.png','2019-07-13 14:23:16',NULL,'1','0',0,0,0,'0','1149927250985095168','其他','http://132.232.104.247/#/blog/1149927249663889408','0'),('1149953409626017792',NULL,'测试试试','12222','<p>这是一个嗯日哦那个开发；第三方</p>\n','这是一个嗯日哦那个开发；第三方','http://132.232.104.247:9999/group1/M00/00/00/rBsACV0pkRWAFBOiAATbsC2-_Bg053.jpg','2019-07-13 16:07:13',NULL,'1','0',0,0,0,'0','1147422697949630464','','http://132.232.104.247/#/blog/1149953409626017792','0'),('1149954077229191168',NULL,'111','1111','<p>12321321</p>','12321321\n','','2019-07-13 16:09:52',NULL,'1','0',0,0,0,'0','1147422697949630464','','http://132.232.104.247/#/blog/1149954077229191168','0'),('1149954180941746176',NULL,'1111','1111','<p>123213</p>\n','123213','','2019-07-13 16:10:17',NULL,'1','0',0,0,0,'0','1147422697949630464','','http://132.232.104.247/#/blog/1149954180941746176','0'),('1149960175378108416','1','123','123','<p>11111</p>\n','11111','','2019-07-13 16:34:06',NULL,'1','0',0,0,0,'0','1147422697949630464','','http://132.232.104.247/#/blog/1149960175378108416','0'),('1149960576533925888','1','12','321','<p>1111</p>','1111\n','','2019-07-13 16:35:41',NULL,'1','0',0,0,0,'0','1147422697949630464','','http://132.232.104.247/#/blog/1149960576533925888','0'),('1178178669840044032',NULL,'测试测试','这是一个测试文章','<p>这是一个测试文章 测试测试～～～</p>','这是一个测试文章 测试测试～～～\n','','2019-09-29 05:24:21',NULL,'1','0',0,0,0,'0','1149927250985095168','','http://132.232.104.247/#/blog/1178178669840044032','0'),('1181133528008626176',NULL,'1111111','2222222','<blockquote>\n<p>这是一个测试blog</p>\n</blockquote>\n<pre><code class=\"lang-\">public static void main() {\n   System.out.println(&quot;123&quot;)\n}\n</code></pre>\n','> 这是一个测试blog\n```\npublic static void main() {\n   System.out.println(\"123\")\n}\n```','http://132.232.104.247:9999/group1/M00/00/00/rBsACV2a_6iARDUhAADaHyeAbiA126.jpg','2019-10-07 17:05:54',NULL,'1','0',0,0,0,'0','1147422697949630464','','http://47.98.232.143/blog1181133528008626176','0');
/*!40000 ALTER TABLE `tb_article` ENABLE KEYS */;
UNLOCK TABLES;

--
-- Table structure for table `tb_images`
--

DROP TABLE IF EXISTS `tb_images`;
/*!40101 SET @saved_cs_client     = @@character_set_client */;
 SET character_set_client = utf8mb4 ;
CREATE TABLE `tb_images` (
  `id` int(11) NOT NULL AUTO_INCREMENT COMMENT '图片id',
  `image_origin_name` varchar(200) DEFAULT NULL COMMENT '图片原始名称',
  `image_name` varchar(100) DEFAULT NULL COMMENT '图片名称',
  `image_path` varchar(200) DEFAULT NULL COMMENT '图片上传路径',
  `path` varchar(200) DEFAULT NULL COMMENT '图片访问路径',
  `create_time` date DEFAULT NULL COMMENT '上传时间',
  PRIMARY KEY (`id`)
) ENGINE=InnoDB AUTO_INCREMENT=58 DEFAULT CHARSET=utf8 COMMENT='图片上传记录';
/*!40101 SET character_set_client = @saved_cs_client */;

--
-- Dumping data for table `tb_images`
--

LOCK TABLES `tb_images` WRITE;
/*!40000 ALTER TABLE `tb_images` DISABLE KEYS */;
INSERT INTO `tb_images` VALUES (2,'p4m-info-1.png','rBsACV0gI2SAQ48jAAOn6JA93PY661.png','group1/M00/00/00/rBsACV0gI2SAQ48jAAOn6JA93PY661.png','http://132.232.104.247:9999/group1/M00/00/00/rBsACV0gI2SAQ48jAAOn6JA93PY661.png','2019-07-06'),(3,'p4m-info-1.png','rBsACV0gJoCAZ7-QAAOn6JA93PY761.png','group1/M00/00/00/rBsACV0gJoCAZ7-QAAOn6JA93PY761.png','http://132.232.104.247:9999/group1/M00/00/00/rBsACV0gJoCAZ7-QAAOn6JA93PY761.png','2019-07-06'),(4,'p4m-info-1.png','rBsACV0gJpuAJRBsAAOn6JA93PY114.png','group1/M00/00/00/rBsACV0gJpuAJRBsAAOn6JA93PY114.png','http://132.232.104.247:9999/group1/M00/00/00/rBsACV0gJpuAJRBsAAOn6JA93PY114.png','2019-07-06'),(5,'p4m-info-1.png','rBsACV0gPFCAc1lrAAOn6JA93PY315.png','group1/M00/00/00/rBsACV0gPFCAc1lrAAOn6JA93PY315.png','http://132.232.104.247:9999/group1/M00/00/00/rBsACV0gPFCAc1lrAAOn6JA93PY315.png','2019-07-06'),(6,'1553220431273.jpg','rBsACV0gPLaAPZa7AATbsC2-_Bg935.jpg','group1/M00/00/00/rBsACV0gPLaAPZa7AATbsC2-_Bg935.jpg','http://132.232.104.247:9999/group1/M00/00/00/rBsACV0gPLaAPZa7AATbsC2-_Bg935.jpg','2019-07-06'),(7,'1553220431273.jpg','rBsACV0gPUGAKm9WAATbsC2-_Bg403.jpg','group1/M00/00/00/rBsACV0gPUGAKm9WAATbsC2-_Bg403.jpg','http://132.232.104.247:9999/group1/M00/00/00/rBsACV0gPUGAKm9WAATbsC2-_Bg403.jpg','2019-07-06'),(8,'1553220431273.jpg','rBsACV0gPqeANvHWAATbsC2-_Bg116.jpg','group1/M00/00/00/rBsACV0gPqeANvHWAATbsC2-_Bg116.jpg','http://132.232.104.247:9999/group1/M00/00/00/rBsACV0gPqeANvHWAATbsC2-_Bg116.jpg','2019-07-06'),(9,'1553220431273.jpg','rBsACV0gP0aAGkkaAATbsC2-_Bg356.jpg','group1/M00/00/00/rBsACV0gP0aAGkkaAATbsC2-_Bg356.jpg','http://132.232.104.247:9999/group1/M00/00/00/rBsACV0gP0aAGkkaAATbsC2-_Bg356.jpg','2019-07-06'),(10,'p4m-info-1.png','rBsACV0gQ4yASWl7AAOn6JA93PY417.png','group1/M00/00/00/rBsACV0gQ4yASWl7AAOn6JA93PY417.png','http://132.232.104.247:9999/group1/M00/00/00/rBsACV0gQ4yASWl7AAOn6JA93PY417.png','2019-07-06'),(11,'68747470733a2f2f757365722d676f6c642d63646e2e786974752e696f2f323031392f322f32362f313639323761656230356637323061393f773d36303726683d38353126663d706e6726733d3931373133.png','rBsACV0gQ8CAB0fwAAFmQSzH81U499.png','group1/M00/00/00/rBsACV0gQ8CAB0fwAAFmQSzH81U499.png','http://132.232.104.247:9999/group1/M00/00/00/rBsACV0gQ8CAB0fwAAFmQSzH81U499.png','2019-07-06'),(12,'1553220431273.jpg','rBsACV0gRe2AB_23AATbsC2-_Bg883.jpg','group1/M00/00/00/rBsACV0gRe2AB_23AATbsC2-_Bg883.jpg','http://132.232.104.247:9999/group1/M00/00/00/rBsACV0gRe2AB_23AATbsC2-_Bg883.jpg','2019-07-06'),(13,'p4m-info-1.png','rBsACV0gSoKAH9DBAAOn6JA93PY062.png','group1/M00/00/00/rBsACV0gSoKAH9DBAAOn6JA93PY062.png','http://132.232.104.247:9999/group1/M00/00/00/rBsACV0gSoKAH9DBAAOn6JA93PY062.png','2019-07-06'),(14,'_Users_alan.chen_Downloads_data_demo.html.png','rBsACV0gTnyAZv86AANKaIY5CUs897.png','group1/M00/00/00/rBsACV0gTnyAZv86AANKaIY5CUs897.png','http://132.232.104.247:9999/group1/M00/00/00/rBsACV0gTnyAZv86AANKaIY5CUs897.png','2019-07-06'),(15,'_Users_alan.chen_Downloads_data_demo.html (3).png','rBsACV0gTv2AdxqxAAQWFWYIb2k049.png','group1/M00/00/00/rBsACV0gTv2AdxqxAAQWFWYIb2k049.png','http://132.232.104.247:9999/group1/M00/00/00/rBsACV0gTv2AdxqxAAQWFWYIb2k049.png','2019-07-06'),(16,'折线图堆叠.png','rBsACV0gT8aABqlCAACoXS6nses922.png','group1/M00/00/00/rBsACV0gT8aABqlCAACoXS6nses922.png','http://132.232.104.247:9999/group1/M00/00/00/rBsACV0gT8aABqlCAACoXS6nses922.png','2019-07-06'),(17,'折线图堆叠.png','rBsACV0gWDuAQ8VEAACoXS6nses371.png','group1/M00/00/00/rBsACV0gWDuAQ8VEAACoXS6nses371.png','http://132.232.104.247:9999/group1/M00/00/00/rBsACV0gWDuAQ8VEAACoXS6nses371.png','2019-07-06'),(18,'折线图数据分析.png','rBsACV0gWiKAYijDAADUTIre4BM006.png','group1/M00/00/00/rBsACV0gWiKAYijDAADUTIre4BM006.png','http://132.232.104.247:9999/group1/M00/00/00/rBsACV0gWiKAYijDAADUTIre4BM006.png','2019-07-06'),(19,'折线图数据分析.png','rBsACV0gW4GAU0nVAADUTIre4BM896.png','group1/M00/00/00/rBsACV0gW4GAU0nVAADUTIre4BM896.png','http://132.232.104.247:9999/group1/M00/00/00/rBsACV0gW4GAU0nVAADUTIre4BM896.png','2019-07-06'),(20,'折线图数据分析.png','rBsACV0gW9-AMaWjAADUTIre4BM033.png','group1/M00/00/00/rBsACV0gW9-AMaWjAADUTIre4BM033.png','http://132.232.104.247:9999/group1/M00/00/00/rBsACV0gW9-AMaWjAADUTIre4BM033.png','2019-07-06'),(21,'折线图数据分析.png','rBsACV0gXCyAa46QAADUTIre4BM964.png','group1/M00/00/00/rBsACV0gXCyAa46QAADUTIre4BM964.png','http://132.232.104.247:9999/group1/M00/00/00/rBsACV0gXCyAa46QAADUTIre4BM964.png','2019-07-06'),(22,'折线图堆叠.png','rBsACV0gXkaAMRnIAACoXS6nses396.png','group1/M00/00/00/rBsACV0gXkaAMRnIAACoXS6nses396.png','http://132.232.104.247:9999/group1/M00/00/00/rBsACV0gXkaAMRnIAACoXS6nses396.png','2019-07-06'),(23,'1553220431273.jpg','rBsACV0gXlOAS4VfAATbsC2-_Bg230.jpg','group1/M00/00/00/rBsACV0gXlOAS4VfAATbsC2-_Bg230.jpg','http://132.232.104.247:9999/group1/M00/00/00/rBsACV0gXlOAS4VfAATbsC2-_Bg230.jpg','2019-07-06'),(24,'123.png','rBsACV0gaViACv1GAAFmQSzH81U392.png','group1/M00/00/00/rBsACV0gaViACv1GAAFmQSzH81U392.png','http://132.232.104.247:9999/group1/M00/00/00/rBsACV0gaViACv1GAAFmQSzH81U392.png','2019-07-06'),(25,'_Users_alan.chen_Downloads_data_demo.html.png','rBsACV0gdSuAfWFwAANKaIY5CUs968.png','group1/M00/00/00/rBsACV0gdSuAfWFwAANKaIY5CUs968.png','http://132.232.104.247:9999/group1/M00/00/00/rBsACV0gdSuAfWFwAANKaIY5CUs968.png','2019-07-06'),(26,'Untitled Diagram.jpg','rBsACV0pU36AcNjvAADnbSJ_EYQ784.jpg','group1/M00/00/00/rBsACV0pU36AcNjvAADnbSJ_EYQ784.jpg','http://132.232.104.247:9999/group1/M00/00/00/rBsACV0pU36AcNjvAADnbSJ_EYQ784.jpg','2019-07-13'),(27,'123.png','rBsACV0pVSeAH2wXAAFmQSzH81U917.png','group1/M00/00/00/rBsACV0pVSeAH2wXAAFmQSzH81U917.png','http://132.232.104.247:9999/group1/M00/00/00/rBsACV0pVSeAH2wXAAFmQSzH81U917.png','2019-07-13'),(28,'折线图堆叠.png','rBsACV0pVXuAAx9ZAACoXS6nses763.png','group1/M00/00/00/rBsACV0pVXuAAx9ZAACoXS6nses763.png','http://132.232.104.247:9999/group1/M00/00/00/rBsACV0pVXuAAx9ZAACoXS6nses763.png','2019-07-13'),(29,'折线图堆叠.png','rBsACV0pVbmAJl-8AACoXS6nses534.png','group1/M00/00/00/rBsACV0pVbmAJl-8AACoXS6nses534.png','http://132.232.104.247:9999/group1/M00/00/00/rBsACV0pVbmAJl-8AACoXS6nses534.png','2019-07-13'),(30,'123.png','rBsACV0pVgeAPherAAFmQSzH81U438.png','group1/M00/00/00/rBsACV0pVgeAPherAAFmQSzH81U438.png','http://132.232.104.247:9999/group1/M00/00/00/rBsACV0pVgeAPherAAFmQSzH81U438.png','2019-07-13'),(31,'123.png','rBsACV0pVmKAERL1AAFmQSzH81U880.png','group1/M00/00/00/rBsACV0pVmKAERL1AAFmQSzH81U880.png','http://132.232.104.247:9999/group1/M00/00/00/rBsACV0pVmKAERL1AAFmQSzH81U880.png','2019-07-13'),(32,'123.png','rBsACV0pVomAHQvHAAFmQSzH81U476.png','group1/M00/00/00/rBsACV0pVomAHQvHAAFmQSzH81U476.png','http://132.232.104.247:9999/group1/M00/00/00/rBsACV0pVomAHQvHAAFmQSzH81U476.png','2019-07-13'),(33,'1553220431273.jpg','rBsACV0pZLqAAQMcAATbsC2-_Bg613.jpg','group1/M00/00/00/rBsACV0pZLqAAQMcAATbsC2-_Bg613.jpg','http://132.232.104.247:9999/group1/M00/00/00/rBsACV0pZLqAAQMcAATbsC2-_Bg613.jpg','2019-07-13'),(34,'1553220431273.jpg','rBsACV0pZPWAdn6SAATbsC2-_Bg262.jpg','group1/M00/00/00/rBsACV0pZPWAdn6SAATbsC2-_Bg262.jpg','http://132.232.104.247:9999/group1/M00/00/00/rBsACV0pZPWAdn6SAATbsC2-_Bg262.jpg','2019-07-13'),(35,'1553220431273.jpg','rBsACV0pZZOACPOWAATbsC2-_Bg356.jpg','group1/M00/00/00/rBsACV0pZZOACPOWAATbsC2-_Bg356.jpg','http://132.232.104.247:9999/group1/M00/00/00/rBsACV0pZZOACPOWAATbsC2-_Bg356.jpg','2019-07-13'),(36,'68747470733a2f2f757365722d676f6c642d63646e2e786974752e696f2f323031392f322f32362f313639323761656230356637323061393f773d36303726683d38353126663d706e6726733d3931373133.png','rBsACV0pZeuAadGoAAFmQSzH81U907.png','group1/M00/00/00/rBsACV0pZeuAadGoAAFmQSzH81U907.png','http://132.232.104.247:9999/group1/M00/00/00/rBsACV0pZeuAadGoAAFmQSzH81U907.png','2019-07-13'),(37,'1553220431273.jpg','rBsACV0pZhWADW5vAATbsC2-_Bg766.jpg','group1/M00/00/00/rBsACV0pZhWADW5vAATbsC2-_Bg766.jpg','http://132.232.104.247:9999/group1/M00/00/00/rBsACV0pZhWADW5vAATbsC2-_Bg766.jpg','2019-07-13'),(38,'p4m-info-1.png','rBsACV0pZsSAe00RAAOn6JA93PY154.png','group1/M00/00/00/rBsACV0pZsSAe00RAAOn6JA93PY154.png','http://132.232.104.247:9999/group1/M00/00/00/rBsACV0pZsSAe00RAAOn6JA93PY154.png','2019-07-13'),(39,'1553220431273.jpg','rBsACV0pZzCAAy9rAATbsC2-_Bg709.jpg','group1/M00/00/00/rBsACV0pZzCAAy9rAATbsC2-_Bg709.jpg','http://132.232.104.247:9999/group1/M00/00/00/rBsACV0pZzCAAy9rAATbsC2-_Bg709.jpg','2019-07-13'),(40,'p4m-info-1.png','rBsACV0paoaAFgtTAAOn6JA93PY020.png','group1/M00/00/00/rBsACV0paoaAFgtTAAOn6JA93PY020.png','http://132.232.104.247:9999/group1/M00/00/00/rBsACV0paoaAFgtTAAOn6JA93PY020.png','2019-07-13'),(41,'p4m-info-1.png','rBsACV0pauWAQQk0AAOn6JA93PY502.png','group1/M00/00/00/rBsACV0pauWAQQk0AAOn6JA93PY502.png','http://132.232.104.247:9999/group1/M00/00/00/rBsACV0pauWAQQk0AAOn6JA93PY502.png','2019-07-13'),(42,'p4m-info-1.png','rBsACV0pauuAOw6OAAOn6JA93PY895.png','group1/M00/00/00/rBsACV0pauuAOw6OAAOn6JA93PY895.png','http://132.232.104.247:9999/group1/M00/00/00/rBsACV0pauuAOw6OAAOn6JA93PY895.png','2019-07-13'),(43,'p4m-info-1.png','rBsACV0pau-AGObIAAOn6JA93PY745.png','group1/M00/00/00/rBsACV0pau-AGObIAAOn6JA93PY745.png','http://132.232.104.247:9999/group1/M00/00/00/rBsACV0pau-AGObIAAOn6JA93PY745.png','2019-07-13'),(44,'1553220431273.jpg','rBsACV0pc6-AcGq5AATbsC2-_Bg040.jpg','group1/M00/00/00/rBsACV0pc6-AcGq5AATbsC2-_Bg040.jpg','http://132.232.104.247:9999/group1/M00/00/00/rBsACV0pc6-AcGq5AATbsC2-_Bg040.jpg','2019-07-13'),(45,'public-bg-1.jpg','rBsACV0pdBWAZaC8AAhct7uzQqU877.jpg','group1/M00/00/00/rBsACV0pdBWAZaC8AAhct7uzQqU877.jpg','http://132.232.104.247:9999/group1/M00/00/00/rBsACV0pdBWAZaC8AAhct7uzQqU877.jpg','2019-07-13'),(46,'1553220431273.jpg','rBsACV0pdEuAA6NgAATbsC2-_Bg287.jpg','group1/M00/00/00/rBsACV0pdEuAA6NgAATbsC2-_Bg287.jpg','http://132.232.104.247:9999/group1/M00/00/00/rBsACV0pdEuAA6NgAATbsC2-_Bg287.jpg','2019-07-13'),(47,'1553220431273.jpg','rBsACV0pdVKAaN0iAATbsC2-_Bg929.jpg','group1/M00/00/00/rBsACV0pdVKAaN0iAATbsC2-_Bg929.jpg','http://132.232.104.247:9999/group1/M00/00/00/rBsACV0pdVKAaN0iAATbsC2-_Bg929.jpg','2019-07-13'),(48,'1553220431273.jpg','rBsACV0pdYyAUKfBAATbsC2-_Bg139.jpg','group1/M00/00/00/rBsACV0pdYyAUKfBAATbsC2-_Bg139.jpg','http://132.232.104.247:9999/group1/M00/00/00/rBsACV0pdYyAUKfBAATbsC2-_Bg139.jpg','2019-07-13'),(49,'p4m-info-1.png','rBsACV0pd5mAZPKPAAOn6JA93PY118.png','group1/M00/00/00/rBsACV0pd5mAZPKPAAOn6JA93PY118.png','http://132.232.104.247:9999/group1/M00/00/00/rBsACV0pd5mAZPKPAAOn6JA93PY118.png','2019-07-13'),(50,'1553220431273.jpg','rBsACV0pkRWAFBOiAATbsC2-_Bg053.jpg','group1/M00/00/00/rBsACV0pkRWAFBOiAATbsC2-_Bg053.jpg','http://132.232.104.247:9999/group1/M00/00/00/rBsACV0pkRWAFBOiAATbsC2-_Bg053.jpg','2019-07-13'),(51,'20181027203954_wiwop.jpg','rBsACV2a_6iARDUhAADaHyeAbiA126.jpg','group1/M00/00/00/rBsACV2a_6iARDUhAADaHyeAbiA126.jpg','http://132.232.104.247:9999/group1/M00/00/00/rBsACV2a_6iARDUhAADaHyeAbiA126.jpg','2019-10-07'),(52,'1567232373871.jpg','rBsACV2d43aALlSmAAA5nbeFiGs243.jpg','group1/M00/00/00/rBsACV2d43aALlSmAAA5nbeFiGs243.jpg','http://132.232.104.247:9999/group1/M00/00/00/rBsACV2d43aALlSmAAA5nbeFiGs243.jpg','2019-10-09'),(53,'20181027203954_wiwop.jpg','rBsACV2d5smAJwYSAADaHyeAbiA582.jpg','group1/M00/00/00/rBsACV2d5smAJwYSAADaHyeAbiA582.jpg','http://132.232.104.247:9999/group1/M00/00/00/rBsACV2d5smAJwYSAADaHyeAbiA582.jpg','2019-10-09'),(54,'流程图.png','rBsACV2d6C2AdLU-AACg7lmjxF8413.png','group1/M00/00/00/rBsACV2d6C2AdLU-AACg7lmjxF8413.png','http://132.232.104.247:9999/group1/M00/00/00/rBsACV2d6C2AdLU-AACg7lmjxF8413.png','2019-10-09'),(55,'68747470733a2f2f757365722d676f6c642d63646e2e786974752e696f2f323031392f322f32362f313639323761656230356637323061393f773d36303726683d38353126663d706e6726733d3931373133.png','rBsACV2d6I-AIdwSAAFmQSzH81U635.png','group1/M00/00/00/rBsACV2d6I-AIdwSAAFmQSzH81U635.png','http://132.232.104.247:9999/group1/M00/00/00/rBsACV2d6I-AIdwSAAFmQSzH81U635.png','2019-10-09'),(56,'1553220431273.jpg','rBsACV2d6OyAC_dmAATbsC2-_Bg993.jpg','group1/M00/00/01/rBsACV2d6OyAC_dmAATbsC2-_Bg993.jpg','http://132.232.104.247:9999/group1/M00/00/01/rBsACV2d6OyAC_dmAATbsC2-_Bg993.jpg','2019-10-09'),(57,'1567232373871.jpg','rBsACV2i2wWAB-dzAAA5nbeFiGs513.jpg','group1/M00/00/01/rBsACV2i2wWAB-dzAAA5nbeFiGs513.jpg','http://132.232.104.247:9999/group1/M00/00/01/rBsACV2i2wWAB-dzAAA5nbeFiGs513.jpg','2019-10-13');
/*!40000 ALTER TABLE `tb_images` ENABLE KEYS */;
UNLOCK TABLES;

--
-- Current Database: `tensquare_category`
--

/*!40000 DROP DATABASE IF EXISTS `tensquare_category`*/;

CREATE DATABASE /*!32312 IF NOT EXISTS*/ `tensquare_category` /*!40100 DEFAULT CHARACTER SET utf8 */ /*!80016 DEFAULT ENCRYPTION='N' */;

USE `tensquare_category`;

--
-- Table structure for table `tb_category`
--

DROP TABLE IF EXISTS `tb_category`;
/*!40101 SET @saved_cs_client     = @@character_set_client */;
 SET character_set_client = utf8mb4 ;
CREATE TABLE `tb_category` (
  `id` varchar(20) NOT NULL COMMENT '分类ID',
  `categoryname` varchar(100) DEFAULT NULL COMMENT '分类名称',
  `state` varchar(1) DEFAULT NULL COMMENT '状态',
  `count` bigint(20) DEFAULT NULL COMMENT '使用数量',
  `createdate` date DEFAULT NULL COMMENT '创建时间',
  `userid` varchar(20) DEFAULT NULL COMMENT '创建人',
  `description` varchar(100) DEFAULT NULL COMMENT '描述',
  `color` varchar(50) DEFAULT NULL COMMENT '颜色',
  PRIMARY KEY (`id`)
) ENGINE=InnoDB DEFAULT CHARSET=utf8 COMMENT='分类';
/*!40101 SET character_set_client = @saved_cs_client */;

--
-- Dumping data for table `tb_category`
--

LOCK TABLES `tb_category` WRITE;
/*!40000 ALTER TABLE `tb_category` DISABLE KEYS */;
INSERT INTO `tb_category` VALUES ('1','java','1',NULL,NULL,NULL,NULL,'d876e3'),('1142309021223620608','前端','0',0,'2019-06-22',NULL,NULL,'c4426b'),('1142309252610789376','服务器','0',0,'2019-06-22',NULL,NULL,'E52446'),('1147422697949630464','测试分类','0',0,'2019-07-06',NULL,NULL,NULL),('1147425409953042432','分类1','0',0,'2019-07-06',NULL,NULL,NULL),('1147437111490777088','分类123','0',0,'2019-07-06',NULL,NULL,NULL),('1147441448988315648','12321','0',0,'2019-07-06',NULL,NULL,NULL),('1149927250985095168','其他','0',0,'2019-07-13',NULL,NULL,NULL),('2','PHP','0',NULL,NULL,NULL,NULL,'E52446'),('3','C++','0',NULL,NULL,NULL,NULL,'5631ea'),('4','python','0',NULL,NULL,NULL,NULL,'9ff931'),('5','JS','0',NULL,NULL,NULL,NULL,'25F0DA'),('6','数据库','0',NULL,NULL,NULL,NULL,'64A58A');
/*!40000 ALTER TABLE `tb_category` ENABLE KEYS */;
UNLOCK TABLES;

--
-- Current Database: `tensquare_comment`
--

/*!40000 DROP DATABASE IF EXISTS `tensquare_comment`*/;

CREATE DATABASE /*!32312 IF NOT EXISTS*/ `tensquare_comment` /*!40100 DEFAULT CHARACTER SET utf8 */ /*!80016 DEFAULT ENCRYPTION='N' */;

USE `tensquare_comment`;

--
-- Table structure for table `tb_comment`
--

DROP TABLE IF EXISTS `tb_comment`;
/*!40101 SET @saved_cs_client     = @@character_set_client */;
 SET character_set_client = utf8mb4 ;
CREATE TABLE `tb_comment` (
  `id` int(11) NOT NULL AUTO_INCREMENT COMMENT '主键',
  `user_id` varchar(20) DEFAULT NULL COMMENT '关联用户id',
  `parent_id` int(11) DEFAULT NULL COMMENT '关联父Id',
  `blog_id` varchar(20) DEFAULT NULL,
  `content` text COMMENT '评论内容',
  `like_num` int(11) DEFAULT NULL COMMENT '点赞数量',
  `dislike_num` int(11) DEFAULT NULL COMMENT '不喜欢数量',
  `comment_level` int(11) DEFAULT NULL COMMENT '评论层级: 0：第一层，1：第二层，2：第三层',
  `create_date` datetime DEFAULT NULL,
  `status` int(11) DEFAULT NULL COMMENT '状态：1 审核通过 0 审核不通过',
  `type` int(11) DEFAULT NULL COMMENT '评论类型：0文章，1，阅读',
  PRIMARY KEY (`id`)
) ENGINE=InnoDB AUTO_INCREMENT=39 DEFAULT CHARSET=utf8 COMMENT='评论表';
/*!40101 SET character_set_client = @saved_cs_client */;

--
-- Dumping data for table `tb_comment`
--

LOCK TABLES `tb_comment` WRITE;
/*!40000 ALTER TABLE `tb_comment` DISABLE KEYS */;
INSERT INTO `tb_comment` VALUES (1,'1',NULL,'1142308636702412800','这是一个评论',1001,1000,1,'2019-07-20 00:00:00',1,NULL),(2,'2',1,'1142308636702412800','22222',223,2,2,NULL,1,NULL),(3,'3',NULL,'1142308636702412800','We supply a series of design principles, practical patterns and high quality design resources (Sketch and Axure).',11,11,1,NULL,1,NULL),(4,'3',3,'1142308636702412800','第二层评论',11,11,2,NULL,1,NULL),(5,'2',3,'1142308636702412800','第二层评论',11,11,2,NULL,1,NULL),(6,'2',2,'1142308636702412800','第三层评论',11,11,3,NULL,1,NULL),(7,'1154035235550269440',NULL,'1142308636702412800','文章不错,写的很好！',2,0,1,'2019-07-24 11:08:00',1,NULL),(8,'1154039124357943296',NULL,'1142308636702412800','赞、狂赞、超赞、不得不赞、史上最赞！',2,1,1,'2019-07-24 00:00:00',1,NULL),(9,'1157567674381897728',NULL,'1142308636702412800','这个一个测试评论，第一层',1,0,1,'2019-08-03 16:23:35',1,NULL),(10,'1157586839557771264',9,'1142308636702412800','这是测试评论的第2层',0,0,2,'2019-08-03 17:39:44',1,NULL),(11,'1157597300621709312',9,'1142308636702412800','123321312',0,0,2,'2019-08-03 18:21:18',1,NULL),(12,'1157597393097723904',11,'1142308636702412800','1111111',1,0,3,'2019-08-03 18:21:40',1,NULL),(13,'1157597445769793536',11,'1142308636702412800','11111',0,0,3,'2019-08-03 18:21:53',1,NULL),(14,'1157598362275549184',4,'1142308636702412800','第三层评论',0,0,3,'2019-08-03 18:25:31',1,NULL),(15,'1157598452201426944',4,'1142308636702412800','还是第三层评论',0,0,3,'2019-08-03 18:25:53',1,NULL),(16,'1157599446029176832',8,'1142308636702412800','666',1,0,2,'2019-08-03 18:29:50',1,NULL),(17,'1157600591535542272',NULL,'1142308467445469184','这是第一个评论赞、狂赞、超赞、不得不赞、史上最赞！',1,0,1,'2019-08-03 18:34:23',1,NULL),(18,'1157600650159329280',17,'1142308467445469184','沙发',0,0,2,'2019-08-03 18:34:37',1,NULL),(19,'1157600707193475072',NULL,'1142308467445469184','二楼',0,1,1,'2019-08-03 18:34:50',1,NULL),(20,'1157600748394123264',19,'1142308467445469184','666',0,0,2,'2019-08-03 18:35:00',1,NULL),(21,'1157601369226612736',NULL,'1142308467445469184','实用',1,0,1,'2019-08-03 18:37:28',1,NULL),(22,'1160059294490693632',NULL,'1142308636702412800','测试1',0,0,1,'2019-08-10 13:24:23',1,NULL),(33,'1160088110651019264',NULL,'1142308173135351808','评论',0,0,1,'2019-08-10 15:18:54',1,NULL),(34,'1160090043805732864',NULL,'1142308173135351808','评论2',0,0,1,'2019-08-10 15:26:35',1,NULL),(35,'1160091015273648128',NULL,'1142308173135351808','测试3',0,0,1,'2019-08-10 15:30:26',1,NULL),(36,'1160092458760146944',NULL,'1142308173135351808','测试5',0,0,1,'2019-08-10 15:36:10',1,NULL),(37,'1',NULL,'1142308636702412800','123',0,0,1,'2019-09-27 15:27:09',1,NULL),(38,'1',NULL,'1142308467445469184','文章不错,写的很好！',1,0,1,'2019-09-27 18:37:28',1,NULL);
/*!40000 ALTER TABLE `tb_comment` ENABLE KEYS */;
UNLOCK TABLES;

--
-- Table structure for table `tb_user_comment_favorite`
--

DROP TABLE IF EXISTS `tb_user_comment_favorite`;
/*!40101 SET @saved_cs_client     = @@character_set_client */;
 SET character_set_client = utf8mb4 ;
CREATE TABLE `tb_user_comment_favorite` (
  `id` int(11) NOT NULL AUTO_INCREMENT COMMENT '主键',
  `comment_id` int(20) DEFAULT NULL COMMENT '关联评论id',
  `user_id` varchar(20) DEFAULT NULL COMMENT '用户id',
  `ip` varchar(20) DEFAULT NULL COMMENT '用户ip',
  `action` varchar(20) DEFAULT NULL COMMENT '用户动作',
  `create_date` datetime DEFAULT NULL COMMENT '创建时间',
  PRIMARY KEY (`id`)
) ENGINE=InnoDB AUTO_INCREMENT=23 DEFAULT CHARSET=utf8 COMMENT='用户评论点赞关联表';
/*!40101 SET character_set_client = @saved_cs_client */;

--
-- Dumping data for table `tb_user_comment_favorite`
--

LOCK TABLES `tb_user_comment_favorite` WRITE;
/*!40000 ALTER TABLE `tb_user_comment_favorite` DISABLE KEYS */;
INSERT INTO `tb_user_comment_favorite` VALUES (12,7,NULL,'127.0.0.1','like','2019-08-03 14:11:39'),(13,8,NULL,'127.0.0.1','dislike','2019-08-03 14:01:15'),(14,1,NULL,'127.0.0.1','dislike','2019-08-03 14:10:20'),(15,9,NULL,'127.0.0.1','like','2019-08-03 16:24:11'),(16,2,NULL,'127.0.0.1','like','2019-08-03 17:39:20'),(17,12,NULL,'127.0.0.1','like','2019-08-03 18:22:06'),(18,16,NULL,'127.0.0.1','like','2019-08-03 18:30:31'),(19,17,NULL,'127.0.0.1','like','2019-08-03 18:34:41'),(20,21,NULL,'127.0.0.1','like','2019-08-03 18:37:35'),(21,19,NULL,'127.0.0.1','dislike','2019-08-03 18:46:56'),(22,38,NULL,'210.13.117.105','like','2019-09-27 18:37:50');
/*!40000 ALTER TABLE `tb_user_comment_favorite` ENABLE KEYS */;
UNLOCK TABLES;

--
-- Current Database: `tensquare_label`
--

/*!40000 DROP DATABASE IF EXISTS `tensquare_label`*/;

CREATE DATABASE /*!32312 IF NOT EXISTS*/ `tensquare_label` /*!40100 DEFAULT CHARACTER SET utf8 */ /*!80016 DEFAULT ENCRYPTION='N' */;

USE `tensquare_label`;

--
-- Table structure for table `tb_blog_label`
--

DROP TABLE IF EXISTS `tb_blog_label`;
/*!40101 SET @saved_cs_client     = @@character_set_client */;
 SET character_set_client = utf8mb4 ;
CREATE TABLE `tb_blog_label` (
  `id` int(50) NOT NULL AUTO_INCREMENT COMMENT '主键ID',
  `blogid` varchar(20) NOT NULL COMMENT '博客id',
  `labelid` int(20) NOT NULL COMMENT '标签id',
  PRIMARY KEY (`id`)
) ENGINE=InnoDB AUTO_INCREMENT=26 DEFAULT CHARSET=utf8;
/*!40101 SET character_set_client = @saved_cs_client */;

--
-- Dumping data for table `tb_blog_label`
--

LOCK TABLES `tb_blog_label` WRITE;
/*!40000 ALTER TABLE `tb_blog_label` DISABLE KEYS */;
INSERT INTO `tb_blog_label` VALUES (1,'1142308173135351808',1),(2,'1142308173135351808',2),(3,'1142308173135351808',3),(4,'1142308173135351808',5),(5,'1142309608782696448',6),(6,'1142309608782696448',8),(9,'1146728431929659392',11),(10,'1146728431929659392',1),(11,'1147419057717383168',8),(12,'1147419057717383168',12),(13,'1147422694573215744',13),(18,'1147440020085411840',18),(19,'1147441447692275712',19),(20,'1147442301161836544',20),(21,'1147446159820853248',21),(22,'1147446159820853248',16),(23,'1147449716045385728',8),(24,'1178178669840044032',22),(25,'1181133528008626176',22);
/*!40000 ALTER TABLE `tb_blog_label` ENABLE KEYS */;
UNLOCK TABLES;

--
-- Table structure for table `tb_label`
--

DROP TABLE IF EXISTS `tb_label`;
/*!40101 SET @saved_cs_client     = @@character_set_client */;
 SET character_set_client = utf8mb4 ;
CREATE TABLE `tb_label` (
  `id` int(20) NOT NULL AUTO_INCREMENT COMMENT '标签ID',
  `labelname` varchar(100) DEFAULT NULL COMMENT '标签名称',
  `state` varchar(1) DEFAULT NULL COMMENT '状态',
  `count` bigint(20) DEFAULT NULL COMMENT '使用数量',
  `recommend` varchar(1) DEFAULT NULL COMMENT '是否推荐',
  `color` varchar(20) DEFAULT NULL COMMENT '标签颜色',
  PRIMARY KEY (`id`)
) ENGINE=InnoDB AUTO_INCREMENT=23 DEFAULT CHARSET=utf8 COMMENT='标签';
/*!40101 SET character_set_client = @saved_cs_client */;

--
-- Dumping data for table `tb_label`
--

LOCK TABLES `tb_label` WRITE;
/*!40000 ALTER TABLE `tb_label` DISABLE KEYS */;
INSERT INTO `tb_label` VALUES (1,'java','1',NULL,NULL,'E52446'),(2,'PHP','1',NULL,NULL,NULL),(3,'C++','1',NULL,NULL,'5631ea'),(4,'python','1',NULL,NULL,'#ccc'),(5,'linux','1',NULL,NULL,'64A58A'),(6,'其他',NULL,NULL,NULL,'25F0DA'),(7,'css',NULL,NULL,NULL,NULL),(8,'js',NULL,NULL,NULL,NULL),(11,'string','1',0,NULL,NULL),(12,'前端','1',0,NULL,NULL),(13,'测试标签','1',0,NULL,NULL),(14,'测试上传图片','1',0,NULL,NULL),(15,'toolbar','1',0,NULL,NULL),(16,'标签1','1',0,NULL,NULL),(17,'标签2','1',0,NULL,NULL),(18,'123','1',0,NULL,NULL),(19,'1111','1',0,NULL,NULL),(20,'12','1',0,NULL,NULL),(21,'标签3','1',0,NULL,NULL),(22,'测试','1',0,NULL,NULL);
/*!40000 ALTER TABLE `tb_label` ENABLE KEYS */;
UNLOCK TABLES;

--
-- Current Database: `tensquare_user`
--

/*!40000 DROP DATABASE IF EXISTS `tensquare_user`*/;

CREATE DATABASE /*!32312 IF NOT EXISTS*/ `tensquare_user` /*!40100 DEFAULT CHARACTER SET utf8mb4 COLLATE utf8mb4_unicode_ci */ /*!80016 DEFAULT ENCRYPTION='N' */;

USE `tensquare_user`;

--
-- Table structure for table `sales`
--

DROP TABLE IF EXISTS `sales`;
/*!40101 SET @saved_cs_client     = @@character_set_client */;
 SET character_set_client = utf8mb4 ;
CREATE TABLE `sales` (
  `num` int(11) NOT NULL AUTO_INCREMENT,
  `name` varchar(20) DEFAULT NULL,
  `winter` int(11) DEFAULT NULL,
  `spring` int(11) DEFAULT NULL,
  `summer` int(11) DEFAULT NULL,
  `fall` int(11) DEFAULT NULL,
  `category` varchar(13) DEFAULT NULL,
  PRIMARY KEY (`num`)
) ENGINE=InnoDB AUTO_INCREMENT=10 DEFAULT CHARSET=utf8mb4 COLLATE=utf8mb4_unicode_ci;
/*!40101 SET character_set_client = @saved_cs_client */;

--
-- Dumping data for table `sales`
--

LOCK TABLES `sales` WRITE;
/*!40000 ALTER TABLE `sales` DISABLE KEYS */;
INSERT INTO `sales` VALUES (1,'Java',1067,200,150,267,'Holiday'),(2,'C',970,770,531,486,'Profession'),(3,'JavaScript',53,13,21,856,'Literary'),(4,'SQL',782,357,168,250,'Profession'),(5,'Oracle',589,795,367,284,'Holiday'),(6,'MySQL',953,582,336,489,'Literary'),(7,'Cplus',752,657,259,478,'Literary'),(8,'Python',67,23,83,543,'Holiday'),(9,'PHP',673,48,625,52,'Profession');
/*!40000 ALTER TABLE `sales` ENABLE KEYS */;
UNLOCK TABLES;

--
-- Table structure for table `tb_admin`
--

DROP TABLE IF EXISTS `tb_admin`;
/*!40101 SET @saved_cs_client     = @@character_set_client */;
 SET character_set_client = utf8mb4 ;
CREATE TABLE `tb_admin` (
  `id` varchar(20) NOT NULL COMMENT 'ID',
  `role` varchar(20) DEFAULT NULL COMMENT '角色名称',
  `username` varchar(100) DEFAULT NULL COMMENT '用户名称',
  `loginname` varchar(100) DEFAULT NULL COMMENT '登陆名称',
  `password` varchar(100) DEFAULT NULL COMMENT '密码',
  `state` varchar(1) DEFAULT NULL COMMENT '状态',
  `operation` varchar(100) DEFAULT NULL COMMENT '操作',
  `create_date` date DEFAULT NULL COMMENT '创建日期',
  `update_date` date DEFAULT NULL COMMENT '更新日期',
  `birthday` date DEFAULT NULL COMMENT '生日',
  `login_date` date DEFAULT NULL COMMENT '登录日期',
  `avatar` varchar(100) DEFAULT NULL COMMENT '头像',
  `address` varchar(100) DEFAULT NULL COMMENT '地址',
  `login_site` varchar(100) DEFAULT NULL COMMENT '登录地点',
  `email` varchar(100) DEFAULT NULL COMMENT '邮箱',
  `blogger` varchar(10) DEFAULT NULL,
  `motto` varchar(100) DEFAULT NULL,
  `title` varchar(20) DEFAULT NULL,
  PRIMARY KEY (`id`)
) ENGINE=InnoDB DEFAULT CHARSET=utf8 COMMENT='管理员';
/*!40101 SET character_set_client = @saved_cs_client */;

--
-- Dumping data for table `tb_admin`
--

LOCK TABLES `tb_admin` WRITE;
/*!40000 ALTER TABLE `tb_admin` DISABLE KEYS */;
INSERT INTO `tb_admin` VALUES ('1145697086432481280','ROLE_ADMIN','唐宋','admin','$2a$10$02/AZy8iiDMnOZHFfGJXb.lj6GisT.FaR9WuGBB3lOaprezR453QK','0',NULL,'2019-07-01',NULL,NULL,NULL,'https://b-ssl.duitang.com/uploads/item/201810/27/20181027203954_wiwop.jpg',NULL,NULL,'admin@admin.com','Y','一枚小码匠','全栈工程师'),('1149984370027794432',NULL,'admin','adminn','$2a$10$5WqWwPg0vgisnosabMUxKu7EfkuWqvmFYYRXsor/vkucVn.BmHbQu','0',NULL,'2019-07-13',NULL,NULL,NULL,NULL,NULL,NULL,'admin@admin.com',NULL,NULL,NULL);
/*!40000 ALTER TABLE `tb_admin` ENABLE KEYS */;
UNLOCK TABLES;

--
-- Table structure for table `tb_blogger_message`
--

DROP TABLE IF EXISTS `tb_blogger_message`;
/*!40101 SET @saved_cs_client     = @@character_set_client */;
 SET character_set_client = utf8mb4 ;
CREATE TABLE `tb_blogger_message` (
  `id` int(11) NOT NULL AUTO_INCREMENT COMMENT 'ID',
  `user_id` varchar(20) DEFAULT NULL COMMENT '用户ID',
  `comment_id` int(11) DEFAULT NULL COMMENT '评论ID',
  `blog_id` varchar(20) DEFAULT NULL COMMENT '博客ID',
  `create_date` datetime DEFAULT NULL COMMENT '创建时间',
  `type` varchar(100) DEFAULT NULL COMMENT '消息通知类型',
  `status` int(1) DEFAULT '0' COMMENT '是否阅读',
  PRIMARY KEY (`id`)
) ENGINE=InnoDB AUTO_INCREMENT=10 DEFAULT CHARSET=utf8 COMMENT='博主消息通知表';
/*!40101 SET character_set_client = @saved_cs_client */;

--
-- Dumping data for table `tb_blogger_message`
--

LOCK TABLES `tb_blogger_message` WRITE;
/*!40000 ALTER TABLE `tb_blogger_message` DISABLE KEYS */;
INSERT INTO `tb_blogger_message` VALUES (1,NULL,NULL,'1','2019-08-14 22:47:30','favorite_article',1),(2,NULL,NULL,'1','2019-08-14 23:09:35','favorite_article',2),(3,NULL,NULL,'1','2019-08-14 23:09:35','favorite_comment',1),(4,NULL,NULL,'1','2019-08-13 23:09:35','comment',0),(5,NULL,NULL,'1','2019-08-13 23:09:35','comment',2),(6,NULL,NULL,'1','2019-08-13 23:09:35','favorite_comment',0),(7,'1',37,'1142308636702412800','2019-09-27 07:27:13','comment',1),(8,'1',38,'1142308467445469184','2019-09-27 10:37:31','comment',0),(9,'1',38,'1142308467445469184','2019-09-27 10:37:50','favorite_comment',1);
/*!40000 ALTER TABLE `tb_blogger_message` ENABLE KEYS */;
UNLOCK TABLES;

--
-- Table structure for table `tb_follow`
--

DROP TABLE IF EXISTS `tb_follow`;
/*!40101 SET @saved_cs_client     = @@character_set_client */;
 SET character_set_client = utf8mb4 ;
CREATE TABLE `tb_follow` (
  `userid` varchar(20) NOT NULL COMMENT '用户ID',
  `targetuser` varchar(20) NOT NULL COMMENT '被关注用户ID',
  PRIMARY KEY (`userid`,`targetuser`)
) ENGINE=InnoDB DEFAULT CHARSET=utf8;
/*!40101 SET character_set_client = @saved_cs_client */;

--
-- Dumping data for table `tb_follow`
--

LOCK TABLES `tb_follow` WRITE;
/*!40000 ALTER TABLE `tb_follow` DISABLE KEYS */;
INSERT INTO `tb_follow` VALUES ('1','1'),('1','10');
/*!40000 ALTER TABLE `tb_follow` ENABLE KEYS */;
UNLOCK TABLES;

--
-- Table structure for table `tb_user`
--

DROP TABLE IF EXISTS `tb_user`;
/*!40101 SET @saved_cs_client     = @@character_set_client */;
 SET character_set_client = utf8mb4 ;
CREATE TABLE `tb_user` (
  `id` varchar(20) NOT NULL COMMENT 'ID',
  `followme` varchar(20) DEFAULT NULL COMMENT '是否关注我的动态',
  `email` varchar(100) DEFAULT NULL COMMENT 'E-Mail',
  `nickname` varchar(100) DEFAULT NULL COMMENT '昵称',
  `avatar` varchar(100) DEFAULT NULL COMMENT '头像',
  `regdate` datetime DEFAULT NULL COMMENT '注册日期',
  `updatedate` datetime DEFAULT NULL COMMENT '修改日期',
  `lastdate` datetime DEFAULT NULL COMMENT '最后登陆日期',
  `online` bigint(20) DEFAULT NULL COMMENT '在线时长（分钟）',
  `interest` varchar(100) DEFAULT NULL COMMENT '兴趣',
  `mobile` varchar(100) DEFAULT NULL COMMENT '手机号码',
  `password` varchar(100) DEFAULT NULL COMMENT '密码',
  `sex` varchar(2) DEFAULT NULL COMMENT '性别',
  `birthday` datetime DEFAULT NULL COMMENT '出生年月日',
  `personality` varchar(100) DEFAULT NULL COMMENT '个性',
  `fanscount` int(20) DEFAULT NULL COMMENT '粉丝数',
  `followcount` int(20) DEFAULT NULL COMMENT '关注数',
  `github` varchar(100) DEFAULT NULL COMMENT 'github地址',
  `csdn` varchar(100) DEFAULT NULL COMMENT 'csdn地址',
  `other_account` varchar(100) DEFAULT NULL COMMENT '其他账号',
  PRIMARY KEY (`id`)
) ENGINE=InnoDB DEFAULT CHARSET=utf8 COMMENT='用户';
/*!40101 SET character_set_client = @saved_cs_client */;

--
-- Dumping data for table `tb_user`
--

LOCK TABLES `tb_user` WRITE;
/*!40000 ALTER TABLE `tb_user` DISABLE KEYS */;
INSERT INTO `tb_user` VALUES ('00000000000000000001','0','user@user.com','Developer','http://u.thsi.cn/imgsrc/sns/3ba262255b32a428a3e0b44cce35d3ee_259_346.jpg',NULL,NULL,NULL,NULL,NULL,NULL,NULL,NULL,NULL,NULL,NULL,NULL,NULL,NULL,NULL),('1','1','admin@qq.com','小明','http://u.thsi.cn/imgsrc/sns/3ba262255b32a428a3e0b44cce35d3ee_259_346.jpg',NULL,NULL,NULL,1,'java','190000993','admin','1','2019-06-29 11:38:05',NULL,99,NULL,NULL,NULL,NULL),('1154035235550269440','N',NULL,'Developmer','http://u.thsi.cn/imgsrc/sns/3ba262255b32a428a3e0b44cce35d3ee_259_346.jpg','2019-07-24 22:26:56',NULL,'2019-07-24 22:26:56',0,NULL,NULL,NULL,NULL,NULL,NULL,0,0,NULL,NULL,NULL),('1154039124357943296','N',NULL,'Developmer','http://u.thsi.cn/imgsrc/sns/3ba262255b32a428a3e0b44cce35d3ee_259_346.jpg','2019-07-24 22:42:23',NULL,'2019-07-24 22:42:23',0,NULL,NULL,NULL,NULL,NULL,NULL,0,0,NULL,NULL,NULL),('1157567674381897728','N',NULL,'Developmer','http://u.thsi.cn/imgsrc/sns/3ba262255b32a428a3e0b44cce35d3ee_259_346.jpg','2019-08-03 16:23:36',NULL,'2019-08-03 16:23:36',0,NULL,NULL,NULL,NULL,NULL,NULL,0,0,NULL,NULL,NULL),('1157586839557771264','N',NULL,'Developmer','http://u.thsi.cn/imgsrc/sns/3ba262255b32a428a3e0b44cce35d3ee_259_346.jpg','2019-08-03 17:39:44',NULL,'2019-08-03 17:39:44',0,NULL,NULL,NULL,NULL,NULL,NULL,0,0,NULL,NULL,NULL),('1157597300621709312','N',NULL,'Developmer','http://u.thsi.cn/imgsrc/sns/3ba262255b32a428a3e0b44cce35d3ee_259_346.jpg','2019-08-03 18:21:19',NULL,'2019-08-03 18:21:19',0,NULL,NULL,NULL,NULL,NULL,NULL,0,0,NULL,NULL,NULL),('1157597393097723904','N',NULL,'Developmer','http://u.thsi.cn/imgsrc/sns/3ba262255b32a428a3e0b44cce35d3ee_259_346.jpg','2019-08-03 18:21:40',NULL,'2019-08-03 18:21:40',0,NULL,NULL,NULL,NULL,NULL,NULL,0,0,NULL,NULL,NULL),('1157597445769793536','N',NULL,'Developmer','http://u.thsi.cn/imgsrc/sns/3ba262255b32a428a3e0b44cce35d3ee_259_346.jpg','2019-08-03 18:21:53',NULL,'2019-08-03 18:21:53',0,NULL,NULL,NULL,NULL,NULL,NULL,0,0,NULL,NULL,NULL),('1157598362275549184','N',NULL,'Developmer','http://u.thsi.cn/imgsrc/sns/3ba262255b32a428a3e0b44cce35d3ee_259_346.jpg','2019-08-03 18:25:31',NULL,'2019-08-03 18:25:31',0,NULL,NULL,NULL,NULL,NULL,NULL,0,0,NULL,NULL,NULL),('1157598452201426944','N',NULL,'Developmer','http://u.thsi.cn/imgsrc/sns/3ba262255b32a428a3e0b44cce35d3ee_259_346.jpg','2019-08-03 18:25:53',NULL,'2019-08-03 18:25:53',0,NULL,NULL,NULL,NULL,NULL,NULL,0,0,NULL,NULL,NULL),('1157599446029176832','N',NULL,'Developmer','http://u.thsi.cn/imgsrc/sns/3ba262255b32a428a3e0b44cce35d3ee_259_346.jpg','2019-08-03 18:29:50',NULL,'2019-08-03 18:29:50',0,NULL,NULL,NULL,NULL,NULL,NULL,0,0,NULL,NULL,NULL),('1157600591535542272','N',NULL,'Developmer','http://u.thsi.cn/imgsrc/sns/3ba262255b32a428a3e0b44cce35d3ee_259_346.jpg','2019-08-03 18:34:23',NULL,'2019-08-03 18:34:23',0,NULL,NULL,NULL,NULL,NULL,NULL,0,0,NULL,NULL,NULL),('1157600650159329280','N',NULL,'Developmer','http://u.thsi.cn/imgsrc/sns/3ba262255b32a428a3e0b44cce35d3ee_259_346.jpg','2019-08-03 18:34:37',NULL,'2019-08-03 18:34:37',0,NULL,NULL,NULL,NULL,NULL,NULL,0,0,NULL,NULL,NULL),('1157600707193475072','N',NULL,'Developmer','http://u.thsi.cn/imgsrc/sns/3ba262255b32a428a3e0b44cce35d3ee_259_346.jpg','2019-08-03 18:34:50',NULL,'2019-08-03 18:34:50',0,NULL,NULL,NULL,NULL,NULL,NULL,0,0,NULL,NULL,NULL),('1157600748394123264','N',NULL,'Developmer','http://u.thsi.cn/imgsrc/sns/3ba262255b32a428a3e0b44cce35d3ee_259_346.jpg','2019-08-03 18:35:00',NULL,'2019-08-03 18:35:00',0,NULL,NULL,NULL,NULL,NULL,NULL,0,0,NULL,NULL,NULL),('1157601369226612736','N',NULL,'Developmer','http://u.thsi.cn/imgsrc/sns/3ba262255b32a428a3e0b44cce35d3ee_259_346.jpg','2019-08-03 18:37:28',NULL,'2019-08-03 18:37:28',0,NULL,NULL,NULL,NULL,NULL,NULL,0,0,NULL,NULL,NULL),('1160059294490693632','N',NULL,'Developmer','http://u.thsi.cn/imgsrc/sns/3ba262255b32a428a3e0b44cce35d3ee_259_346.jpg','2019-08-10 13:24:24',NULL,'2019-08-10 13:24:24',0,NULL,NULL,NULL,NULL,NULL,NULL,0,0,NULL,NULL,NULL),('1160059346789470208','N',NULL,'Developmer','http://u.thsi.cn/imgsrc/sns/3ba262255b32a428a3e0b44cce35d3ee_259_346.jpg','2019-08-10 13:24:36',NULL,'2019-08-10 13:24:36',0,NULL,NULL,NULL,NULL,NULL,NULL,0,0,NULL,NULL,NULL),('1160059386241093632','N',NULL,'Developmer','http://u.thsi.cn/imgsrc/sns/3ba262255b32a428a3e0b44cce35d3ee_259_346.jpg','2019-08-10 13:24:45',NULL,'2019-08-10 13:24:45',0,NULL,NULL,NULL,NULL,NULL,NULL,0,0,NULL,NULL,NULL),('1160059412291915776','N',NULL,'Developmer','http://u.thsi.cn/imgsrc/sns/3ba262255b32a428a3e0b44cce35d3ee_259_346.jpg','2019-08-10 13:24:51',NULL,'2019-08-10 13:24:51',0,NULL,NULL,NULL,NULL,NULL,NULL,0,0,NULL,NULL,NULL),('1160081053667430400','N',NULL,'Developmer','http://u.thsi.cn/imgsrc/sns/3ba262255b32a428a3e0b44cce35d3ee_259_346.jpg','2019-08-10 14:50:51',NULL,'2019-08-10 14:50:51',0,NULL,NULL,NULL,NULL,NULL,NULL,0,0,NULL,NULL,NULL),('1160081766409703424','N',NULL,'Developmer','http://u.thsi.cn/imgsrc/sns/3ba262255b32a428a3e0b44cce35d3ee_259_346.jpg','2019-08-10 14:53:41',NULL,'2019-08-10 14:53:41',0,NULL,NULL,NULL,NULL,NULL,NULL,0,0,NULL,NULL,NULL),('1160082201950425088','N',NULL,'Developmer','http://u.thsi.cn/imgsrc/sns/3ba262255b32a428a3e0b44cce35d3ee_259_346.jpg','2019-08-10 14:55:25',NULL,'2019-08-10 14:55:25',0,NULL,NULL,NULL,NULL,NULL,NULL,0,0,NULL,NULL,NULL),('1160082727966478336','N',NULL,'Developmer','http://u.thsi.cn/imgsrc/sns/3ba262255b32a428a3e0b44cce35d3ee_259_346.jpg','2019-08-10 14:57:30',NULL,'2019-08-10 14:57:30',0,NULL,NULL,NULL,NULL,NULL,NULL,0,0,NULL,NULL,NULL),('1160083248211169280','N',NULL,'Developmer','http://u.thsi.cn/imgsrc/sns/3ba262255b32a428a3e0b44cce35d3ee_259_346.jpg','2019-08-10 14:59:34',NULL,'2019-08-10 14:59:34',0,NULL,NULL,NULL,NULL,NULL,NULL,0,0,NULL,NULL,NULL),('1160083250497064960','N',NULL,'Developmer','http://u.thsi.cn/imgsrc/sns/3ba262255b32a428a3e0b44cce35d3ee_259_346.jpg','2019-08-10 14:59:35',NULL,'2019-08-10 14:59:35',0,NULL,NULL,NULL,NULL,NULL,NULL,0,0,NULL,NULL,NULL),('1160084599745941504','N',NULL,'Developmer','http://u.thsi.cn/imgsrc/sns/3ba262255b32a428a3e0b44cce35d3ee_259_346.jpg','2019-08-10 15:04:57',NULL,'2019-08-10 15:04:57',0,NULL,NULL,NULL,NULL,NULL,NULL,0,0,NULL,NULL,NULL),('1160088110651019264','N',NULL,'Developmer','http://u.thsi.cn/imgsrc/sns/3ba262255b32a428a3e0b44cce35d3ee_259_346.jpg','2019-08-10 15:18:54',NULL,'2019-08-10 15:18:54',0,NULL,NULL,NULL,NULL,NULL,NULL,0,0,NULL,NULL,NULL),('1160090043805732864','N',NULL,'Developmer','http://u.thsi.cn/imgsrc/sns/3ba262255b32a428a3e0b44cce35d3ee_259_346.jpg','2019-08-10 15:26:35',NULL,'2019-08-10 15:26:35',0,NULL,NULL,NULL,NULL,NULL,NULL,0,0,NULL,NULL,NULL),('1160091015273648128','N',NULL,'Developmer','http://u.thsi.cn/imgsrc/sns/3ba262255b32a428a3e0b44cce35d3ee_259_346.jpg','2019-08-10 15:30:26',NULL,'2019-08-10 15:30:26',0,NULL,NULL,NULL,NULL,NULL,NULL,0,0,NULL,NULL,NULL),('1160092458760146944','N',NULL,'Developer','http://u.thsi.cn/imgsrc/sns/3ba262255b32a428a3e0b44cce35d3ee_259_346.jpg','2019-08-10 15:36:11',NULL,'2019-08-10 15:36:11',0,NULL,NULL,NULL,NULL,NULL,NULL,0,0,NULL,NULL,NULL),('2','0','test1@qq.com','天线','http://b-ssl.duitang.com/uploads/item/201810/27/20181027203954_wiwop.jpg',NULL,NULL,NULL,NULL,NULL,NULL,NULL,NULL,NULL,NULL,NULL,NULL,NULL,NULL,NULL),('3','1','man@man.com','小红','http://u.thsi.cn/imgsrc/sns/3ba262255b32a428a3e0b44cce35d3ee_259_346.jpg',NULL,NULL,NULL,NULL,NULL,NULL,NULL,NULL,NULL,NULL,NULL,NULL,NULL,NULL,NULL);
/*!40000 ALTER TABLE `tb_user` ENABLE KEYS */;
UNLOCK TABLES;

--
-- Table structure for table `test`
--

DROP TABLE IF EXISTS `test`;
/*!40101 SET @saved_cs_client     = @@character_set_client */;
 SET character_set_client = utf8mb4 ;
CREATE TABLE `test` (
  `id` bigint(20) unsigned NOT NULL DEFAULT '0',
  `code` varchar(200) NOT NULL DEFAULT '0',
  `name` varchar(200) DEFAULT NULL
) ENGINE=InnoDB DEFAULT CHARSET=utf8mb4 COLLATE=utf8mb4_unicode_ci;
/*!40101 SET character_set_client = @saved_cs_client */;

--
-- Dumping data for table `test`
--

LOCK TABLES `test` WRITE;
/*!40000 ALTER TABLE `test` DISABLE KEYS */;
INSERT INTO `test` VALUES (0,'0','1'),(0,'0','1');
/*!40000 ALTER TABLE `test` ENABLE KEYS */;
UNLOCK TABLES;

--
-- Current Database: `wx_migutou_video`
--

/*!40000 DROP DATABASE IF EXISTS `wx_migutou_video`*/;

CREATE DATABASE /*!32312 IF NOT EXISTS*/ `wx_migutou_video` /*!40100 DEFAULT CHARACTER SET utf8mb4 COLLATE utf8mb4_unicode_ci */ /*!80016 DEFAULT ENCRYPTION='N' */;

USE `wx_migutou_video`;

--
-- Table structure for table `bgm`
--

DROP TABLE IF EXISTS `bgm`;
/*!40101 SET @saved_cs_client     = @@character_set_client */;
 SET character_set_client = utf8mb4 ;
CREATE TABLE `bgm` (
  `id` varchar(64) NOT NULL,
  `author` varchar(255) NOT NULL,
  `name` varchar(255) NOT NULL,
  `path` varchar(255) NOT NULL COMMENT '播放地址',
  PRIMARY KEY (`id`)
) ENGINE=InnoDB DEFAULT CHARSET=utf8mb4 COLLATE=utf8mb4_unicode_ci;
/*!40101 SET character_set_client = @saved_cs_client */;

--
-- Dumping data for table `bgm`
--

LOCK TABLES `bgm` WRITE;
/*!40000 ALTER TABLE `bgm` DISABLE KEYS */;
INSERT INTO `bgm` VALUES ('18052674D26HH32P','测试歌手名字1','abc歌曲1~~','/bgm/wind.mp3'),('18052674D26HH33P','测试歌手名字2','young+for+you','/bgm/young+for+you.mp3'),('18052674D26HH3X1','测试歌手名字3','老街','/bgm/李荣浩 - 老街.mp3');
/*!40000 ALTER TABLE `bgm` ENABLE KEYS */;
UNLOCK TABLES;

--
-- Table structure for table `comments`
--

DROP TABLE IF EXISTS `comments`;
/*!40101 SET @saved_cs_client     = @@character_set_client */;
 SET character_set_client = utf8mb4 ;
CREATE TABLE `comments` (
  `id` varchar(20) NOT NULL,
  `father_comment_id` varchar(20) DEFAULT NULL,
  `to_user_id` varchar(20) DEFAULT NULL,
  `video_id` varchar(20) NOT NULL COMMENT '视频id',
  `from_user_id` varchar(20) NOT NULL COMMENT '留言者，评论的用户id',
  `comment` text NOT NULL COMMENT '评论内容',
  `create_time` datetime NOT NULL,
  PRIMARY KEY (`id`)
) ENGINE=InnoDB DEFAULT CHARSET=utf8mb4 COLLATE=utf8mb4_unicode_ci COMMENT='课程评论表';
/*!40101 SET character_set_client = @saved_cs_client */;

--
-- Dumping data for table `comments`
--

LOCK TABLES `comments` WRITE;
/*!40000 ALTER TABLE `comments` DISABLE KEYS */;
INSERT INTO `comments` VALUES ('135240CW46894',NULL,NULL,'180510CD0A6K3SRP','180518CKMAAM5TXP','hhhh 测试啊哈哈哈1','2018-05-22 19:52:02'),('18034CW46894',NULL,NULL,'180510CD0A6K3SRP','180518CKMAAM5TXP','hhhh 测试啊哈哈哈2','2018-05-22 19:52:02'),('1803F50CW46894',NULL,NULL,'180510CD0A6K3SRP','180518CKMAAM5TXP','hhhh 测试啊哈哈哈3','2018-05-22 19:52:02'),('18052150CW46894',NULL,NULL,'180510CD0A6K3SRP','180518CKMAAM5TXP','hhhh 测试啊哈哈哈4','2018-05-22 19:52:02'),('180522F50626894',NULL,NULL,'180510CD0A6K3SRP','180518CKMAAM5TXP','hhhh 测试啊哈哈哈5','2018-05-22 19:52:02'),('180522F50C126894',NULL,NULL,'180510CD0A6K3SRP','180518CKMAAM5TXP','hhhh 测试啊哈哈哈6','2018-05-22 19:52:02'),('180522F50CW46894',NULL,NULL,'180510CD0A6K3SRP','180518CKMAAM5TXP','hhhh 测试啊哈哈哈7','2018-05-22 19:52:02'),('180522F5346894',NULL,NULL,'180510CD0A6K3SRP','180518CKMAAM5TXP','hhhh 测试啊哈哈哈8','2018-05-22 19:52:02'),('180522F54CW46894',NULL,NULL,'180510CD0A6K3SRP','180518CKMAAM5TXP','hhhh 测试啊哈哈哈9','2018-05-22 19:52:02'),('180523F533Y0837C',NULL,NULL,'180510CD0A6K3SRP','180425CFA4RB6T0H','dwdawdwa','2018-05-23 19:52:19'),('180523FATAR6C2Y8','180523FB1BYS43HH','180425CFA4RB6T0H','180522FB4BZ1N9P0','180518CKMAAM5TXP','回复评论','2018-05-23 20:09:30'),('180523FB1BYS43HH',NULL,NULL,'180522FB4BZ1N9P0','180425CFA4RB6T0H','野马~~','2018-05-23 20:10:09'),('180523FC0MKCTS3C',NULL,NULL,'180522FB4BZ1N9P0','180425CFA4RB6T0H','dwdw','2018-05-23 20:13:04'),('180523FCZM2CTCZC',NULL,NULL,'180522FB4BZ1N9P0','180425CFA4RB6T0H','dwqdwqdqw','2018-05-23 20:15:58'),('180523FD1H5HG9P0',NULL,NULL,'180522FB4BZ1N9P0','180425CFA4RB6T0H','1fewdew','2018-05-23 20:16:10'),('180523FDBT3S3C00',NULL,NULL,'180522FB4BZ1N9P0','180425CFA4RB6T0H','123','2018-05-23 20:17:16'),('180523FDFX4HS5P0',NULL,NULL,'180522FB4BZ1N9P0','180425CFA4RB6T0H','43trgtew','2018-05-23 20:17:36'),('180523H79060HNHH',NULL,NULL,'180522FB4BZ1N9P0','180425CFA4RB6T0H','哈多好玩聊哦','2018-05-23 22:47:06'),('180523HATXR841KP',NULL,NULL,'180522FB4BZ1N9P0','180425CFA4RB6T0H','大家诶哦大家欧文','2018-05-23 22:57:42'),('180523K2DG3SGAA8',NULL,NULL,'180522FB4BZ1N9P0','180518CKMAAM5TXP','dwdw','2018-05-23 23:56:38'),('180523K2YRF1WNXP',NULL,NULL,'180522FB4BZ1N9P0','180518CKMAAM5TXP','ddew','2018-05-23 23:58:03'),('180523K3FH1WT7R4',NULL,NULL,'180522FB4BZ1N9P0','180518CKMAAM5TXP','tgergre','2018-05-23 23:59:45'),('1805240G4G19R0PH','180523HATXR841KP','180425CFA4RB6T0H','180522FB4BZ1N9P0','180518CKMAAM5TXP','回复测试，final','2018-05-24 00:45:31'),('18055W46894',NULL,NULL,'180510CD0A6K3SRP','180518CKMAAM5TXP','hhhh 测试啊哈哈哈11','2018-05-22 19:52:02'),('180565016894',NULL,NULL,'180510CD0A6K3SRP','180518CKMAAM5TXP','hhhh 测试啊哈哈哈22','2018-05-22 19:52:02'),('1805650CW46894',NULL,NULL,'180510CD0A6K3SRP','180518CKMAAM5TXP','hhhh 测试啊哈哈哈33','2018-05-22 19:52:02'),('1805twW46894',NULL,NULL,'180510CD0A6K3SRP','180518CKMAAM5TXP','hhhh 测试啊哈哈哈44','2018-05-22 19:52:02'),('280522F50CW46894',NULL,NULL,'180510CD0A6K3SRP','180518CKMAAM5TXP','hhhh 测试啊哈哈哈55','2018-05-22 19:52:02'),('qq1805twW46894',NULL,NULL,'180510CD0A6K3SRP','180518CKMAAM5TXP','hhhh 测试啊哈哈哈66','2018-05-22 19:52:02');
/*!40000 ALTER TABLE `comments` ENABLE KEYS */;
UNLOCK TABLES;

--
-- Table structure for table `search_records`
--

DROP TABLE IF EXISTS `search_records`;
/*!40101 SET @saved_cs_client     = @@character_set_client */;
 SET character_set_client = utf8mb4 ;
CREATE TABLE `search_records` (
  `id` varchar(64) NOT NULL,
  `content` varchar(255) NOT NULL COMMENT '搜索的内容',
  PRIMARY KEY (`id`)
) ENGINE=InnoDB DEFAULT CHARSET=utf8mb4 COLLATE=utf8mb4_unicode_ci COMMENT='视频搜索的记录表';
/*!40101 SET character_set_client = @saved_cs_client */;

--
-- Dumping data for table `search_records`
--

LOCK TABLES `search_records` WRITE;
/*!40000 ALTER TABLE `search_records` DISABLE KEYS */;
INSERT INTO `search_records` VALUES ('1','慕课网'),('18051309YBCMHYRP','风景'),('1805130DAXX58ARP','风景'),('1805130DMG6P0ZC0','风景'),('1805130FNGHD3B0H','慕课网'),('180513C94W152Z7C','dwqdwq'),('180513DXNT7SY04H','风景'),('190914FD57PAFC6W','风景'),('190914FD70CRN9P0','小程序'),('190915CS17MSSBHH','小程序'),('2','慕课网'),('3','慕课网'),('4','慕课网'),('5','慕课'),('6','慕课'),('7','zookeeper'),('8','zookeeper'),('9','zookeeper');
/*!40000 ALTER TABLE `search_records` ENABLE KEYS */;
UNLOCK TABLES;

--
-- Table structure for table `user_report`
--

DROP TABLE IF EXISTS `user_report`;
/*!40101 SET @saved_cs_client     = @@character_set_client */;
 SET character_set_client = utf8mb4 ;
CREATE TABLE `user_report` (
  `id` varchar(100) NOT NULL,
  `deal_user_id` varchar(100) DEFAULT NULL,
  `deal_video_id` varchar(100) DEFAULT NULL,
  `title` varchar(128) DEFAULT NULL,
  `content` varchar(255) DEFAULT NULL,
  `user_id` varchar(100) DEFAULT NULL,
  `create_date` date DEFAULT NULL,
  PRIMARY KEY (`id`)
) ENGINE=InnoDB DEFAULT CHARSET=utf8mb4 COLLATE=utf8mb4_unicode_ci;
/*!40101 SET character_set_client = @saved_cs_client */;

--
-- Dumping data for table `user_report`
--

LOCK TABLES `user_report` WRITE;
/*!40000 ALTER TABLE `user_report` DISABLE KEYS */;
INSERT INTO `user_report` VALUES ('19092198SYGP9BTC','','','其他','测试描述信息','190905H972465P00','2019-09-21'),('19092199APWP632W','','','其他','测试信息','190905H972465P00','2019-09-21'),('1909219BCSXKTPDP','190905GX3B746SNC','190915135299418030080','引人不适','1111111','190905H972465P00','2019-09-21');
/*!40000 ALTER TABLE `user_report` ENABLE KEYS */;
UNLOCK TABLES;

--
-- Table structure for table `users`
--

DROP TABLE IF EXISTS `users`;
/*!40101 SET @saved_cs_client     = @@character_set_client */;
 SET character_set_client = utf8mb4 ;
CREATE TABLE `users` (
  `id` varchar(64) NOT NULL,
  `username` varchar(20) NOT NULL COMMENT '用户名',
  `password` varchar(64) NOT NULL COMMENT '密码',
  `face_image` varchar(255) DEFAULT NULL COMMENT '我的头像，如果没有默认给一张',
  `nickname` varchar(20) NOT NULL COMMENT '昵称',
  `fans_counts` int(11) DEFAULT '0' COMMENT '我的粉丝数量',
  `follow_counts` int(11) DEFAULT '0' COMMENT '我关注的人总数',
  `receive_like_counts` int(11) DEFAULT '0' COMMENT '我接受到的赞美/收藏 的数量',
  PRIMARY KEY (`id`),
  UNIQUE KEY `id` (`id`),
  UNIQUE KEY `username` (`username`)
) ENGINE=InnoDB DEFAULT CHARSET=utf8mb4 COLLATE=utf8mb4_unicode_ci;
/*!40101 SET character_set_client = @saved_cs_client */;

--
-- Dumping data for table `users`
--

LOCK TABLES `users` WRITE;
/*!40000 ALTER TABLE `users` DISABLE KEYS */;
INSERT INTO `users` VALUES ('1001','test-imooc-1111','9999','/path000999','慕课网好牛十分牛~',123456,111,222),('180425B0B3N6B25P','imooc11','wzNncBURtPYCDsYd7TUgWQ==',NULL,'imooc',0,0,0),('180425BNSR1CG0H0','abc','4QrcOUm6Wau+VuBX8g+IPg==',NULL,'abc',0,0,0),('180425CFA4RB6T0H','imooc','kU8h64TG/bK2Y91vRT9lyg==','/180425CFA4RB6T0H/face/wxa2049f5aead89372.o6zAJs5sm5bPFcTzKXp_5wXsWuso.W0eLNdT6MIvD3ba01f74ba779caa63d038c3c8200b4a.jpg','imooc1',0,2,6),('180426F4D35R04X4','aaa','R7zlx09Yn0hn29V+nKn4CA==',NULL,'aaa',0,0,0),('180426F55CZPA9YW','aaaa','R7zlx09Yn0hn29V+nKn4CA==',NULL,'aaaa',0,0,0),('180426GA3SBB4DP0','1001','bfw1xHdW6WLvBV0QSfH47A==',NULL,'1001',0,0,0),('180426GAK87AB0X4','10401','bfw1xHdW6WLvBV0QSfH47A==',NULL,'10401',0,0,0),('180426GAWCC17KWH','104701','bfw1xHdW6WLvBV0QSfH47A==',NULL,'104701',0,0,0),('180426GBDFKDG5D4','10re4701','bfw1xHdW6WLvBV0QSfH47A==',NULL,'10re4701',0,0,0),('180426GBKN0YRFRP','10rwee4701','bfw1xHdW6WLvBV0QSfH47A==',NULL,'10rwee4701',0,0,0),('180426GH49XRZHX4','390213890','H9V/tnfgt6nniqH5bDZ0hQ==',NULL,'390213890',0,0,0),('180426GHH12WXPZC','390ewqewq213890','H9V/tnfgt6nniqH5bDZ0hQ==',NULL,'390ewqewq213890',0,0,0),('180426GHHPZ7NTC0','390ewqewq21ewqe3890','H9V/tnfgt6nniqH5bDZ0hQ==',NULL,'390ewqewq21ewqe3890',0,0,0),('180426H0GWP0C3HH','jdiowqjodij','wEmTz54sy+StEzB+TrtGSQ==',NULL,'jdiowqjodij',0,0,0),('180518CHS7SXMCX4','aaaaa','WU+AOzgKQTlu1j3KOVA1Qg==',NULL,'aaaaa',0,0,0),('180518CKMAAM5TXP','abc123','6ZoYxCjLONXyYIU2eJIuAw==','/180518CKMAAM5TXP/face/wxa2049f5aead89372.o6zAJs5sm5bPFcTzKXp_5wXsWuso.Q27j7DxNKKk07adf242959818c45238b8f11b64cc255.png','abc123',0,0,1),('190904HC45M49GR4','wxuser','4QrcOUm6Wau+VuBX8g+IPg==',NULL,'string',0,0,0),('190905GX3B746SNC','123','ICy5YqxZB1uWSwcVLSNLcA==','/190905GX3B746SNC/face/wxd4722e372abe19db.o6zAJswRRyeLtMYoPH-MqHP4AKCE.dUzuxsh5fiU250bca398057c2699675022a7df269f25.png','123',2,0,4),('190905H972465P00','abcd','ICy5YqxZB1uWSwcVLSNLcA==',NULL,'abcd',0,2,0),('190905HA90K64T54','abcd1','ICy5YqxZB1uWSwcVLSNLcA==',NULL,'abcd1',0,0,0);
/*!40000 ALTER TABLE `users` ENABLE KEYS */;
UNLOCK TABLES;

--
-- Table structure for table `users_fans`
--

DROP TABLE IF EXISTS `users_fans`;
/*!40101 SET @saved_cs_client     = @@character_set_client */;
 SET character_set_client = utf8mb4 ;
CREATE TABLE `users_fans` (
  `id` varchar(64) NOT NULL,
  `user_id` varchar(64) NOT NULL COMMENT '用户',
  `fan_id` varchar(64) NOT NULL COMMENT '粉丝',
  PRIMARY KEY (`id`),
  UNIQUE KEY `user_id` (`user_id`,`fan_id`)
) ENGINE=InnoDB DEFAULT CHARSET=utf8mb4 COLLATE=utf8mb4_unicode_ci COMMENT='用户粉丝关联关系表';
/*!40101 SET character_set_client = @saved_cs_client */;

--
-- Dumping data for table `users_fans`
--

LOCK TABLES `users_fans` WRITE;
/*!40000 ALTER TABLE `users_fans` DISABLE KEYS */;
INSERT INTO `users_fans` VALUES ('190921823DATG8PH','190905GX3B746SNC','190905H972465P00');
/*!40000 ALTER TABLE `users_fans` ENABLE KEYS */;
UNLOCK TABLES;

--
-- Table structure for table `users_like_videos`
--

DROP TABLE IF EXISTS `users_like_videos`;
/*!40101 SET @saved_cs_client     = @@character_set_client */;
 SET character_set_client = utf8mb4 ;
CREATE TABLE `users_like_videos` (
  `id` varchar(64) NOT NULL,
  `user_id` varchar(64) NOT NULL COMMENT '用户',
  `video_id` varchar(64) NOT NULL COMMENT '视频',
  PRIMARY KEY (`id`),
  UNIQUE KEY `user_video_rel` (`user_id`,`video_id`) USING BTREE
) ENGINE=InnoDB DEFAULT CHARSET=utf8mb4 COLLATE=utf8mb4_unicode_ci COMMENT='用户喜欢的/赞过的视频';
/*!40101 SET character_set_client = @saved_cs_client */;

--
-- Dumping data for table `users_like_videos`
--

LOCK TABLES `users_like_videos` WRITE;
/*!40000 ALTER TABLE `users_like_videos` DISABLE KEYS */;
INSERT INTO `users_like_videos` VALUES ('190916HHSRRWRRYW','190905GX3B746SNC','190915135299418030080'),('190917GSZMSMH37C','190905H972465P00','190915119710739857408'),('190921825Z632894','190905H972465P00','190915135249463869440'),('1909218259Y9S5AW','190905H972465P00','190915135299418030080');
/*!40000 ALTER TABLE `users_like_videos` ENABLE KEYS */;
UNLOCK TABLES;

--
-- Table structure for table `users_report`
--

DROP TABLE IF EXISTS `users_report`;
/*!40101 SET @saved_cs_client     = @@character_set_client */;
 SET character_set_client = utf8mb4 ;
CREATE TABLE `users_report` (
  `id` varchar(64) NOT NULL,
  `deal_user_id` varchar(64) NOT NULL COMMENT '被举报用户id',
  `deal_video_id` varchar(64) NOT NULL,
  `title` varchar(128) NOT NULL COMMENT '类型标题，让用户选择，详情见 枚举',
  `content` varchar(255) DEFAULT NULL COMMENT '内容',
  `userid` varchar(64) NOT NULL COMMENT '举报人的id',
  `create_date` datetime NOT NULL COMMENT '举报时间',
  PRIMARY KEY (`id`)
) ENGINE=InnoDB DEFAULT CHARSET=utf8mb4 COLLATE=utf8mb4_unicode_ci COMMENT='举报用户表';
/*!40101 SET character_set_client = @saved_cs_client */;

--
-- Dumping data for table `users_report`
--

LOCK TABLES `users_report` WRITE;
/*!40000 ALTER TABLE `users_report` DISABLE KEYS */;
/*!40000 ALTER TABLE `users_report` ENABLE KEYS */;
UNLOCK TABLES;

--
-- Table structure for table `videos`
--

DROP TABLE IF EXISTS `videos`;
/*!40101 SET @saved_cs_client     = @@character_set_client */;
 SET character_set_client = utf8mb4 ;
CREATE TABLE `videos` (
  `id` varchar(64) NOT NULL,
  `user_id` varchar(64) NOT NULL COMMENT '发布者id',
  `audio_id` varchar(64) DEFAULT NULL COMMENT '用户使用音频的信息',
  `video_desc` varchar(128) DEFAULT NULL COMMENT '视频描述',
  `video_path` varchar(255) NOT NULL COMMENT '视频存放的路径',
  `video_seconds` float(6,2) DEFAULT NULL COMMENT '视频秒数',
  `video_width` int(6) DEFAULT NULL COMMENT '视频宽度',
  `video_height` int(6) DEFAULT NULL COMMENT '视频高度',
  `cover_path` varchar(255) DEFAULT NULL COMMENT '视频封面图',
  `like_counts` bigint(20) NOT NULL DEFAULT '0' COMMENT '喜欢/赞美的数量',
  `status` int(1) NOT NULL COMMENT '视频状态：\r\n1、发布成功\r\n2、禁止播放，管理员操作',
  `create_time` datetime NOT NULL COMMENT '创建时间',
  PRIMARY KEY (`id`)
) ENGINE=InnoDB DEFAULT CHARSET=utf8mb4 COLLATE=utf8mb4_unicode_ci COMMENT='视频信息表';
/*!40101 SET character_set_client = @saved_cs_client */;

--
-- Dumping data for table `videos`
--

LOCK TABLES `videos` WRITE;
/*!40000 ALTER TABLE `videos` DISABLE KEYS */;
INSERT INTO `videos` VALUES ('190911163196463742976','190905GX3B746SNC','18052674D26HH33P','风景1111','/190905GX3B746SNC/video/bgmVideo/743000f0-ac2b-4f7d-9115-44b4e7c0a5a2.mp4',5.43,544,960,'/190905GX3B746SNC/video/bgmVideo/743000f0-ac2b-4f7d-9115-44b4e7c0a5a2.jpg',0,1,'2019-09-11 21:36:58'),('190914113495865556992','190905H972465P00','18052674D26HH33P','11111','/190905H972465P00/video/bgmVideo/dd9cf9dc-a2a2-4aef-ae1a-889ebd8a4af4.mp4',3.20,448,960,'/190905H972465P00/video/bgmVideo/dd9cf9dc-a2a2-4aef-ae1a-889ebd8a4af4.jpg',0,1,'2019-09-15 15:01:59'),('190914113532060303360','19092225H9725P00','18052674D26HH33P','风景图视频','/190905H972465P00/video/bgmVideo/fbffaea0-bb9e-4f16-b5bd-49c35e79d9c1.mp4',5.43,544,960,'/190905H972465P00/video/bgmVideo/fbffaea0-bb9e-4f16-b5bd-49c35e79d9c1.jpg',0,1,'2019-09-14 15:02:16'),('190914113577052602368','190945GX3B746SNC','18052674D26HH32P','这是一个esc','/190905GX3B746SNC/video/bgmVideo/0318a52c-7240-4a39-80f8-0c3e42d9f4bd.mp4',5.43,544,960,'/190905GX3B746SNC/video/bgmVideo/0318a52c-7240-4a39-80f8-0c3e42d9f4bd.jpg',0,1,'2019-09-14 15:02:38'),('190914113603608838144','190935GX3B746SNC','18052674D26HH3X1','警方立即登上了老骥伏枥了','/190905GX3B746SNC/video/bgmVideo/84cb6e22-720a-40af-b9a3-7d6e8738cdf6.mp4',5.43,544,960,'/190905GX3B746SNC/video/bgmVideo/84cb6e22-720a-40af-b9a3-7d6e8738cdf6.jpg',0,1,'2019-09-14 15:02:50'),('190914113625552282224','190925GX3B746SNC','18052674D26HH33P','慕课视频','/190905GX3B746SNC/video/bgmVideo/4df64fbc-c09d-4370-a40c-9b390fbe113b.mp4',5.43,544,960,'/190905GX3B746SNC/video/bgmVideo/4df64fbc-c09d-4370-a40c-9b390fbe113b.jpg',0,1,'2019-09-06 15:03:01'),('190914113625555533823','190915GX3B746SNC','18052674D26HH33P','你看过你看吧后期饿哦','/190905GX3B746SNC/video/bgmVideo/4df64fbc-c09d-4370-a40c-9b390fbe113b.mp4',5.43,544,960,'/190905GX3B746SNC/video/bgmVideo/4df64fbc-c09d-4370-a40c-9b390fbe113b.jpg',0,1,'2019-09-08 15:03:01'),('190914113625555533824','190905GX3B746SNC','18052674D26HH33P','满脸风霜解放军我二姐','/190905GX3B746SNC/video/bgmVideo/4df64fbc-c09d-4370-a40c-9b390fbe113b.mp4',5.43,544,960,'/190905GX3B746SNC/video/bgmVideo/4df64fbc-c09d-4370-a40c-9b390fbe113b.jpg',0,1,'2019-09-08 15:03:01'),('190914113625555533843','190905GX3B741sNC','18052674D26HH33P','小程序视频展示','/190905GX3B746SNC/video/bgmVideo/4df64fbc-c09d-4370-a40c-9b390fbe113b.mp4',5.43,544,960,'/190905GX3B746SNC/video/bgmVideo/4df64fbc-c09d-4370-a40c-9b390fbe113b.jpg',0,1,'2019-09-01 15:03:01'),('190914158311829733376','190905GX3B743SNC','18052674D26HH3X1','测试工具类复用','/190905GX3B746SNC/video/bgmVideo/0318a52c-7240-4a39-80f8-0c3e42d9f4bd.mp4',5.43,544,960,'/[object Undefined]/video/bgmVideo/18604021-d112-447f-924f-45347d93d755.jpg',0,1,'2019-09-14 20:58:09'),('190915119710739857408','190905GX3B746SNC','18052674D26HH3X1','这是上传的视频','/190905GX3B746SNC/video/bgmVideo/59f80a20-0815-4d7f-b4f6-122642ee4c0d.mp4',5.43,544,960,'/190905GX3B746SNC/video/bgmVideo/59f80a20-0815-4d7f-b4f6-122642ee4c0d.jpg',1,1,'2019-09-15 15:51:23'),('190915121948084371456','190905GX3B746SNC','18052674D26HH32P','2222','/190905GX3B746SNC/video/bgmVideo/803e7993-eb21-4c5b-85ef-2c90c842dd36.mp4',3.20,448,960,'/190905GX3B746SNC/video/bgmVideo/803e7993-eb21-4c5b-85ef-2c90c842dd36.jpg',0,1,'2019-09-15 16:09:09'),('190915122616893407232','190905GX3B746SNC','18052674D26HH33P','手机上传','/190905GX3B746SNC/video/bgmVideo/013fa8f3-8a85-46a0-ad70-55d06c7edb12.mp4',12.00,272,480,'/190905GX3B746SNC/video/bgmVideo/013fa8f3-8a85-46a0-ad70-55d06c7edb12.jpg',0,1,'2019-09-15 16:14:28'),('190915133040747577344','190905GX3B746SNC','18052674D26HH3X1','interceptor','/190905GX3B746SNC/video/bgmVideo/0a22e821-a2aa-41f4-98b3-c5e17b1c712e.mp4',5.43,544,960,'/190905GX3B746SNC/video/bgmVideo/0a22e821-a2aa-41f4-98b3-c5e17b1c712e.jpg',0,1,'2019-09-15 17:37:19'),('190915135249463869440','190905GX3B746SNC','18052674D26HH3X1','12321','/190905GX3B746SNC/video/bgmVideo/c269330a-952c-4c63-9647-3e1f708d5832.mp4',3.20,448,960,'/190905GX3B746SNC/video/bgmVideo/c269330a-952c-4c63-9647-3e1f708d5832.jpg',1,1,'2019-09-15 17:54:52'),('190915135299418030080','190905GX3B746SNC','18052674D26HH32P','','/190905GX3B746SNC/video/bgmVideo/133f2afa-2045-4aa8-80ed-0db27e3c6309.mp4',5.43,544,960,'/190905GX3B746SNC/video/bgmVideo/133f2afa-2045-4aa8-80ed-0db27e3c6309.jpg',2,1,'2019-09-15 17:55:16');
/*!40000 ALTER TABLE `videos` ENABLE KEYS */;
UNLOCK TABLES;
/*!40103 SET TIME_ZONE=@OLD_TIME_ZONE */;

/*!40101 SET SQL_MODE=@OLD_SQL_MODE */;
/*!40014 SET FOREIGN_KEY_CHECKS=@OLD_FOREIGN_KEY_CHECKS */;
/*!40014 SET UNIQUE_CHECKS=@OLD_UNIQUE_CHECKS */;
/*!40101 SET CHARACTER_SET_CLIENT=@OLD_CHARACTER_SET_CLIENT */;
/*!40101 SET CHARACTER_SET_RESULTS=@OLD_CHARACTER_SET_RESULTS */;
/*!40101 SET COLLATION_CONNECTION=@OLD_COLLATION_CONNECTION */;
/*!40111 SET SQL_NOTES=@OLD_SQL_NOTES */;

-- Dump completed on 2020-01-03  2:10:17
